# Duet 2 dinner mesh — MIT licence
# plate: original parametric geometry, Duet 2 project 2026
# Author: scripts/author_dinner_meshes.py
mtllib plate.mtl
usemtl plate_coral

v   0.000000   0.000000   0.007000
v   0.054000   0.000000   0.007000
v   0.053538   0.007048   0.007000
v   0.052160   0.013976   0.007000
v   0.049889   0.020665   0.007000
v   0.046765   0.027000   0.007000
v   0.042841   0.032873   0.007000
v   0.038184   0.038184   0.007000
v   0.032873   0.042841   0.007000
v   0.027000   0.046765   0.007000
v   0.020665   0.049889   0.007000
v   0.013976   0.052160   0.007000
v   0.007048   0.053538   0.007000
v   0.000000   0.054000   0.007000
v  -0.007048   0.053538   0.007000
v  -0.013976   0.052160   0.007000
v  -0.020665   0.049889   0.007000
v  -0.027000   0.046765   0.007000
v  -0.032873   0.042841   0.007000
v  -0.038184   0.038184   0.007000
v  -0.042841   0.032873   0.007000
v  -0.046765   0.027000   0.007000
v  -0.049889   0.020665   0.007000
v  -0.052160   0.013976   0.007000
v  -0.053538   0.007048   0.007000
v  -0.054000   0.000000   0.007000
v  -0.053538  -0.007048   0.007000
v  -0.052160  -0.013976   0.007000
v  -0.049889  -0.020665   0.007000
v  -0.046765  -0.027000   0.007000
v  -0.042841  -0.032873   0.007000
v  -0.038184  -0.038184   0.007000
v  -0.032873  -0.042841   0.007000
v  -0.027000  -0.046765   0.007000
v  -0.020665  -0.049889   0.007000
v  -0.013976  -0.052160   0.007000
v  -0.007048  -0.053538   0.007000
v  -0.000000  -0.054000   0.007000
v   0.007048  -0.053538   0.007000
v   0.013976  -0.052160   0.007000
v   0.020665  -0.049889   0.007000
v   0.027000  -0.046765   0.007000
v   0.032873  -0.042841   0.007000
v   0.038184  -0.038184   0.007000
v   0.042841  -0.032873   0.007000
v   0.046765  -0.027000   0.007000
v   0.049889  -0.020665   0.007000
v   0.052160  -0.013976   0.007000
v   0.053538  -0.007048   0.007000
v   0.000000   0.000000   0.008000
v   0.012000   0.000000   0.008000
v   0.011897   0.001566   0.008000
v   0.011591   0.003106   0.008000
v   0.011087   0.004592   0.008000
v   0.010392   0.006000   0.008000
v   0.009520   0.007305   0.008000
v   0.008485   0.008485   0.008000
v   0.007305   0.009520   0.008000
v   0.006000   0.010392   0.008000
v   0.004592   0.011087   0.008000
v   0.003106   0.011591   0.008000
v   0.001566   0.011897   0.008000
v   0.000000   0.012000   0.008000
v  -0.001566   0.011897   0.008000
v  -0.003106   0.011591   0.008000
v  -0.004592   0.011087   0.008000
v  -0.006000   0.010392   0.008000
v  -0.007305   0.009520   0.008000
v  -0.008485   0.008485   0.008000
v  -0.009520   0.007305   0.008000
v  -0.010392   0.006000   0.008000
v  -0.011087   0.004592   0.008000
v  -0.011591   0.003106   0.008000
v  -0.011897   0.001566   0.008000
v  -0.012000   0.000000   0.008000
v  -0.011897  -0.001566   0.008000
v  -0.011591  -0.003106   0.008000
v  -0.011087  -0.004592   0.008000
v  -0.010392  -0.006000   0.008000
v  -0.009520  -0.007305   0.008000
v  -0.008485  -0.008485   0.008000
v  -0.007305  -0.009520   0.008000
v  -0.006000  -0.010392   0.008000
v  -0.004592  -0.011087   0.008000
v  -0.003106  -0.011591   0.008000
v  -0.001566  -0.011897   0.008000
v  -0.000000  -0.012000   0.008000
v   0.001566  -0.011897   0.008000
v   0.003106  -0.011591   0.008000
v   0.004592  -0.011087   0.008000
v   0.006000  -0.010392   0.008000
v   0.007305  -0.009520   0.008000
v   0.008485  -0.008485   0.008000
v   0.009520  -0.007305   0.008000
v   0.010392  -0.006000   0.008000
v   0.011087  -0.004592   0.008000
v   0.011591  -0.003106   0.008000
v   0.011897  -0.001566   0.008000
v   0.022000   0.000000   0.000000
v   0.021812   0.002872   0.000000
v   0.021250   0.005694   0.000000
v   0.020325   0.008419   0.000000
v   0.019053   0.011000   0.000000
v   0.017454   0.013393   0.000000
v   0.015556   0.015556   0.000000
v   0.013393   0.017454   0.000000
v   0.011000   0.019053   0.000000
v   0.008419   0.020325   0.000000
v   0.005694   0.021250   0.000000
v   0.002872   0.021812   0.000000
v   0.000000   0.022000   0.000000
v  -0.002872   0.021812   0.000000
v  -0.005694   0.021250   0.000000
v  -0.008419   0.020325   0.000000
v  -0.011000   0.019053   0.000000
v  -0.013393   0.017454   0.000000
v  -0.015556   0.015556   0.000000
v  -0.017454   0.013393   0.000000
v  -0.019053   0.011000   0.000000
v  -0.020325   0.008419   0.000000
v  -0.021250   0.005694   0.000000
v  -0.021812   0.002872   0.000000
v  -0.022000   0.000000   0.000000
v  -0.021812  -0.002872   0.000000
v  -0.021250  -0.005694   0.000000
v  -0.020325  -0.008419   0.000000
v  -0.019053  -0.011000   0.000000
v  -0.017454  -0.013393   0.000000
v  -0.015556  -0.015556   0.000000
v  -0.013393  -0.017454   0.000000
v  -0.011000  -0.019053   0.000000
v  -0.008419  -0.020325   0.000000
v  -0.005694  -0.021250   0.000000
v  -0.002872  -0.021812   0.000000
v  -0.000000  -0.022000   0.000000
v   0.002872  -0.021812   0.000000
v   0.005694  -0.021250   0.000000
v   0.008419  -0.020325   0.000000
v   0.011000  -0.019053   0.000000
v   0.013393  -0.017454   0.000000
v   0.015556  -0.015556   0.000000
v   0.017454  -0.013393   0.000000
v   0.019053  -0.011000   0.000000
v   0.020325  -0.008419   0.000000
v   0.021250  -0.005694   0.000000
v   0.021812  -0.002872   0.000000
v   0.026000   0.000000   0.004000
v   0.025778   0.003394   0.004000
v   0.025114   0.006729   0.004000
v   0.024021   0.009950   0.004000
v   0.022517   0.013000   0.004000
v   0.020627   0.015828   0.004000
v   0.018385   0.018385   0.004000
v   0.015828   0.020627   0.004000
v   0.013000   0.022517   0.004000
v   0.009950   0.024021   0.004000
v   0.006729   0.025114   0.004000
v   0.003394   0.025778   0.004000
v   0.000000   0.026000   0.004000
v  -0.003394   0.025778   0.004000
v  -0.006729   0.025114   0.004000
v  -0.009950   0.024021   0.004000
v  -0.013000   0.022517   0.004000
v  -0.015828   0.020627   0.004000
v  -0.018385   0.018385   0.004000
v  -0.020627   0.015828   0.004000
v  -0.022517   0.013000   0.004000
v  -0.024021   0.009950   0.004000
v  -0.025114   0.006729   0.004000
v  -0.025778   0.003394   0.004000
v  -0.026000   0.000000   0.004000
v  -0.025778  -0.003394   0.004000
v  -0.025114  -0.006729   0.004000
v  -0.024021  -0.009950   0.004000
v  -0.022517  -0.013000   0.004000
v  -0.020627  -0.015828   0.004000
v  -0.018385  -0.018385   0.004000
v  -0.015828  -0.020627   0.004000
v  -0.013000  -0.022517   0.004000
v  -0.009950  -0.024021   0.004000
v  -0.006729  -0.025114   0.004000
v  -0.003394  -0.025778   0.004000
v  -0.000000  -0.026000   0.004000
v   0.003394  -0.025778   0.004000
v   0.006729  -0.025114   0.004000
v   0.009950  -0.024021   0.004000
v   0.013000  -0.022517   0.004000
v   0.015828  -0.020627   0.004000
v   0.018385  -0.018385   0.004000
v   0.020627  -0.015828   0.004000
v   0.022517  -0.013000   0.004000
v   0.024021  -0.009950   0.004000
v   0.025114  -0.006729   0.004000
v   0.025778  -0.003394   0.004000
v   0.026000   0.000000   0.004000
v   0.025778   0.003394   0.004000
v   0.025114   0.006729   0.004000
v   0.024021   0.009950   0.004000
v   0.022517   0.013000   0.004000
v   0.020627   0.015828   0.004000
v   0.018385   0.018385   0.004000
v   0.015828   0.020627   0.004000
v   0.013000   0.022517   0.004000
v   0.009950   0.024021   0.004000
v   0.006729   0.025114   0.004000
v   0.003394   0.025778   0.004000
v   0.000000   0.026000   0.004000
v  -0.003394   0.025778   0.004000
v  -0.006729   0.025114   0.004000
v  -0.009950   0.024021   0.004000
v  -0.013000   0.022517   0.004000
v  -0.015828   0.020627   0.004000
v  -0.018385   0.018385   0.004000
v  -0.020627   0.015828   0.004000
v  -0.022517   0.013000   0.004000
v  -0.024021   0.009950   0.004000
v  -0.025114   0.006729   0.004000
v  -0.025778   0.003394   0.004000
v  -0.026000   0.000000   0.004000
v  -0.025778  -0.003394   0.004000
v  -0.025114  -0.006729   0.004000
v  -0.024021  -0.009950   0.004000
v  -0.022517  -0.013000   0.004000
v  -0.020627  -0.015828   0.004000
v  -0.018385  -0.018385   0.004000
v  -0.015828  -0.020627   0.004000
v  -0.013000  -0.022517   0.004000
v  -0.009950  -0.024021   0.004000
v  -0.006729  -0.025114   0.004000
v  -0.003394  -0.025778   0.004000
v  -0.000000  -0.026000   0.004000
v   0.003394  -0.025778   0.004000
v   0.006729  -0.025114   0.004000
v   0.009950  -0.024021   0.004000
v   0.013000  -0.022517   0.004000
v   0.015828  -0.020627   0.004000
v   0.018385  -0.018385   0.004000
v   0.020627  -0.015828   0.004000
v   0.022517  -0.013000   0.004000
v   0.024021  -0.009950   0.004000
v   0.025114  -0.006729   0.004000
v   0.025778  -0.003394   0.004000
v   0.022000   0.000000   0.008000
v   0.021812   0.002872   0.008000
v   0.021250   0.005694   0.008000
v   0.020325   0.008419   0.008000
v   0.019053   0.011000   0.008000
v   0.017454   0.013393   0.008000
v   0.015556   0.015556   0.008000
v   0.013393   0.017454   0.008000
v   0.011000   0.019053   0.008000
v   0.008419   0.020325   0.008000
v   0.005694   0.021250   0.008000
v   0.002872   0.021812   0.008000
v   0.000000   0.022000   0.008000
v  -0.002872   0.021812   0.008000
v  -0.005694   0.021250   0.008000
v  -0.008419   0.020325   0.008000
v  -0.011000   0.019053   0.008000
v  -0.013393   0.017454   0.008000
v  -0.015556   0.015556   0.008000
v  -0.017454   0.013393   0.008000
v  -0.019053   0.011000   0.008000
v  -0.020325   0.008419   0.008000
v  -0.021250   0.005694   0.008000
v  -0.021812   0.002872   0.008000
v  -0.022000   0.000000   0.008000
v  -0.021812  -0.002872   0.008000
v  -0.021250  -0.005694   0.008000
v  -0.020325  -0.008419   0.008000
v  -0.019053  -0.011000   0.008000
v  -0.017454  -0.013393   0.008000
v  -0.015556  -0.015556   0.008000
v  -0.013393  -0.017454   0.008000
v  -0.011000  -0.019053   0.008000
v  -0.008419  -0.020325   0.008000
v  -0.005694  -0.021250   0.008000
v  -0.002872  -0.021812   0.008000
v  -0.000000  -0.022000   0.008000
v   0.002872  -0.021812   0.008000
v   0.005694  -0.021250   0.008000
v   0.008419  -0.020325   0.008000
v   0.011000  -0.019053   0.008000
v   0.013393  -0.017454   0.008000
v   0.015556  -0.015556   0.008000
v   0.017454  -0.013393   0.008000
v   0.019053  -0.011000   0.008000
v   0.020325  -0.008419   0.008000
v   0.021250  -0.005694   0.008000
v   0.021812  -0.002872   0.008000
v   0.012000   0.000000   0.008000
v   0.011897   0.001566   0.008000
v   0.011591   0.003106   0.008000
v   0.011087   0.004592   0.008000
v   0.010392   0.006000   0.008000
v   0.009520   0.007305   0.008000
v   0.008485   0.008485   0.008000
v   0.007305   0.009520   0.008000
v   0.006000   0.010392   0.008000
v   0.004592   0.011087   0.008000
v   0.003106   0.011591   0.008000
v   0.001566   0.011897   0.008000
v   0.000000   0.012000   0.008000
v  -0.001566   0.011897   0.008000
v  -0.003106   0.011591   0.008000
v  -0.004592   0.011087   0.008000
v  -0.006000   0.010392   0.008000
v  -0.007305   0.009520   0.008000
v  -0.008485   0.008485   0.008000
v  -0.009520   0.007305   0.008000
v  -0.010392   0.006000   0.008000
v  -0.011087   0.004592   0.008000
v  -0.011591   0.003106   0.008000
v  -0.011897   0.001566   0.008000
v  -0.012000   0.000000   0.008000
v  -0.011897  -0.001566   0.008000
v  -0.011591  -0.003106   0.008000
v  -0.011087  -0.004592   0.008000
v  -0.010392  -0.006000   0.008000
v  -0.009520  -0.007305   0.008000
v  -0.008485  -0.008485   0.008000
v  -0.007305  -0.009520   0.008000
v  -0.006000  -0.010392   0.008000
v  -0.004592  -0.011087   0.008000
v  -0.003106  -0.011591   0.008000
v  -0.001566  -0.011897   0.008000
v  -0.000000  -0.012000   0.008000
v   0.001566  -0.011897   0.008000
v   0.003106  -0.011591   0.008000
v   0.004592  -0.011087   0.008000
v   0.006000  -0.010392   0.008000
v   0.007305  -0.009520   0.008000
v   0.008485  -0.008485   0.008000
v   0.009520  -0.007305   0.008000
v   0.010392  -0.006000   0.008000
v   0.011087  -0.004592   0.008000
v   0.011591  -0.003106   0.008000
v   0.011897  -0.001566   0.008000
v   0.012000   0.000000   0.008000
v   0.011897   0.001566   0.008000
v   0.011591   0.003106   0.008000
v   0.011087   0.004592   0.008000
v   0.010392   0.006000   0.008000
v   0.009520   0.007305   0.008000
v   0.008485   0.008485   0.008000
v   0.007305   0.009520   0.008000
v   0.006000   0.010392   0.008000
v   0.004592   0.011087   0.008000
v   0.003106   0.011591   0.008000
v   0.001566   0.011897   0.008000
v   0.000000   0.012000   0.008000
v  -0.001566   0.011897   0.008000
v  -0.003106   0.011591   0.008000
v  -0.004592   0.011087   0.008000
v  -0.006000   0.010392   0.008000
v  -0.007305   0.009520   0.008000
v  -0.008485   0.008485   0.008000
v  -0.009520   0.007305   0.008000
v  -0.010392   0.006000   0.008000
v  -0.011087   0.004592   0.008000
v  -0.011591   0.003106   0.008000
v  -0.011897   0.001566   0.008000
v  -0.012000   0.000000   0.008000
v  -0.011897  -0.001566   0.008000
v  -0.011591  -0.003106   0.008000
v  -0.011087  -0.004592   0.008000
v  -0.010392  -0.006000   0.008000
v  -0.009520  -0.007305   0.008000
v  -0.008485  -0.008485   0.008000
v  -0.007305  -0.009520   0.008000
v  -0.006000  -0.010392   0.008000
v  -0.004592  -0.011087   0.008000
v  -0.003106  -0.011591   0.008000
v  -0.001566  -0.011897   0.008000
v  -0.000000  -0.012000   0.008000
v   0.001566  -0.011897   0.008000
v   0.003106  -0.011591   0.008000
v   0.004592  -0.011087   0.008000
v   0.006000  -0.010392   0.008000
v   0.007305  -0.009520   0.008000
v   0.008485  -0.008485   0.008000
v   0.009520  -0.007305   0.008000
v   0.010392  -0.006000   0.008000
v   0.011087  -0.004592   0.008000
v   0.011591  -0.003106   0.008000
v   0.011897  -0.001566   0.008000
v   0.015000   0.000000   0.008668
v   0.014872   0.001958   0.008668
v   0.014489   0.003882   0.008668
v   0.013858   0.005740   0.008668
v   0.012990   0.007500   0.008668
v   0.011900   0.009131   0.008668
v   0.010607   0.010607   0.008668
v   0.009131   0.011900   0.008668
v   0.007500   0.012990   0.008668
v   0.005740   0.013858   0.008668
v   0.003882   0.014489   0.008668
v   0.001958   0.014872   0.008668
v   0.000000   0.015000   0.008668
v  -0.001958   0.014872   0.008668
v  -0.003882   0.014489   0.008668
v  -0.005740   0.013858   0.008668
v  -0.007500   0.012990   0.008668
v  -0.009131   0.011900   0.008668
v  -0.010607   0.010607   0.008668
v  -0.011900   0.009131   0.008668
v  -0.012990   0.007500   0.008668
v  -0.013858   0.005740   0.008668
v  -0.014489   0.003882   0.008668
v  -0.014872   0.001958   0.008668
v  -0.015000   0.000000   0.008668
v  -0.014872  -0.001958   0.008668
v  -0.014489  -0.003882   0.008668
v  -0.013858  -0.005740   0.008668
v  -0.012990  -0.007500   0.008668
v  -0.011900  -0.009131   0.008668
v  -0.010607  -0.010607   0.008668
v  -0.009131  -0.011900   0.008668
v  -0.007500  -0.012990   0.008668
v  -0.005740  -0.013858   0.008668
v  -0.003882  -0.014489   0.008668
v  -0.001958  -0.014872   0.008668
v  -0.000000  -0.015000   0.008668
v   0.001958  -0.014872   0.008668
v   0.003882  -0.014489   0.008668
v   0.005740  -0.013858   0.008668
v   0.007500  -0.012990   0.008668
v   0.009131  -0.011900   0.008668
v   0.010607  -0.010607   0.008668
v   0.011900  -0.009131   0.008668
v   0.012990  -0.007500   0.008668
v   0.013858  -0.005740   0.008668
v   0.014489  -0.003882   0.008668
v   0.014872  -0.001958   0.008668
v   0.018000   0.000000   0.009302
v   0.017846   0.002349   0.009302
v   0.017387   0.004659   0.009302
v   0.016630   0.006888   0.009302
v   0.015588   0.009000   0.009302
v   0.014280   0.010958   0.009302
v   0.012728   0.012728   0.009302
v   0.010958   0.014280   0.009302
v   0.009000   0.015588   0.009302
v   0.006888   0.016630   0.009302
v   0.004659   0.017387   0.009302
v   0.002349   0.017846   0.009302
v   0.000000   0.018000   0.009302
v  -0.002349   0.017846   0.009302
v  -0.004659   0.017387   0.009302
v  -0.006888   0.016630   0.009302
v  -0.009000   0.015588   0.009302
v  -0.010958   0.014280   0.009302
v  -0.012728   0.012728   0.009302
v  -0.014280   0.010958   0.009302
v  -0.015588   0.009000   0.009302
v  -0.016630   0.006888   0.009302
v  -0.017387   0.004659   0.009302
v  -0.017846   0.002349   0.009302
v  -0.018000   0.000000   0.009302
v  -0.017846  -0.002349   0.009302
v  -0.017387  -0.004659   0.009302
v  -0.016630  -0.006888   0.009302
v  -0.015588  -0.009000   0.009302
v  -0.014280  -0.010958   0.009302
v  -0.012728  -0.012728   0.009302
v  -0.010958  -0.014280   0.009302
v  -0.009000  -0.015588   0.009302
v  -0.006888  -0.016630   0.009302
v  -0.004659  -0.017387   0.009302
v  -0.002349  -0.017846   0.009302
v  -0.000000  -0.018000   0.009302
v   0.002349  -0.017846   0.009302
v   0.004659  -0.017387   0.009302
v   0.006888  -0.016630   0.009302
v   0.009000  -0.015588   0.009302
v   0.010958  -0.014280   0.009302
v   0.012728  -0.012728   0.009302
v   0.014280  -0.010958   0.009302
v   0.015588  -0.009000   0.009302
v   0.016630  -0.006888   0.009302
v   0.017387  -0.004659   0.009302
v   0.017846  -0.002349   0.009302
v   0.021000   0.000000   0.009870
v   0.020820   0.002741   0.009870
v   0.020284   0.005435   0.009870
v   0.019401   0.008036   0.009870
v   0.018187   0.010500   0.009870
v   0.016660   0.012784   0.009870
v   0.014849   0.014849   0.009870
v   0.012784   0.016660   0.009870
v   0.010500   0.018187   0.009870
v   0.008036   0.019401   0.009870
v   0.005435   0.020284   0.009870
v   0.002741   0.020820   0.009870
v   0.000000   0.021000   0.009870
v  -0.002741   0.020820   0.009870
v  -0.005435   0.020284   0.009870
v  -0.008036   0.019401   0.009870
v  -0.010500   0.018187   0.009870
v  -0.012784   0.016660   0.009870
v  -0.014849   0.014849   0.009870
v  -0.016660   0.012784   0.009870
v  -0.018187   0.010500   0.009870
v  -0.019401   0.008036   0.009870
v  -0.020284   0.005435   0.009870
v  -0.020820   0.002741   0.009870
v  -0.021000   0.000000   0.009870
v  -0.020820  -0.002741   0.009870
v  -0.020284  -0.005435   0.009870
v  -0.019401  -0.008036   0.009870
v  -0.018187  -0.010500   0.009870
v  -0.016660  -0.012784   0.009870
v  -0.014849  -0.014849   0.009870
v  -0.012784  -0.016660   0.009870
v  -0.010500  -0.018187   0.009870
v  -0.008036  -0.019401   0.009870
v  -0.005435  -0.020284   0.009870
v  -0.002741  -0.020820   0.009870
v  -0.000000  -0.021000   0.009870
v   0.002741  -0.020820   0.009870
v   0.005435  -0.020284   0.009870
v   0.008036  -0.019401   0.009870
v   0.010500  -0.018187   0.009870
v   0.012784  -0.016660   0.009870
v   0.014849  -0.014849   0.009870
v   0.016660  -0.012784   0.009870
v   0.018187  -0.010500   0.009870
v   0.019401  -0.008036   0.009870
v   0.020284  -0.005435   0.009870
v   0.020820  -0.002741   0.009870
v   0.024000   0.000000   0.010345
v   0.023795   0.003133   0.010345
v   0.023182   0.006212   0.010345
v   0.022173   0.009184   0.010345
v   0.020785   0.012000   0.010345
v   0.019040   0.014610   0.010345
v   0.016971   0.016971   0.010345
v   0.014610   0.019040   0.010345
v   0.012000   0.020785   0.010345
v   0.009184   0.022173   0.010345
v   0.006212   0.023182   0.010345
v   0.003133   0.023795   0.010345
v   0.000000   0.024000   0.010345
v  -0.003133   0.023795   0.010345
v  -0.006212   0.023182   0.010345
v  -0.009184   0.022173   0.010345
v  -0.012000   0.020785   0.010345
v  -0.014610   0.019040   0.010345
v  -0.016971   0.016971   0.010345
v  -0.019040   0.014610   0.010345
v  -0.020785   0.012000   0.010345
v  -0.022173   0.009184   0.010345
v  -0.023182   0.006212   0.010345
v  -0.023795   0.003133   0.010345
v  -0.024000   0.000000   0.010345
v  -0.023795  -0.003133   0.010345
v  -0.023182  -0.006212   0.010345
v  -0.022173  -0.009184   0.010345
v  -0.020785  -0.012000   0.010345
v  -0.019040  -0.014610   0.010345
v  -0.016971  -0.016971   0.010345
v  -0.014610  -0.019040   0.010345
v  -0.012000  -0.020785   0.010345
v  -0.009184  -0.022173   0.010345
v  -0.006212  -0.023182   0.010345
v  -0.003133  -0.023795   0.010345
v  -0.000000  -0.024000   0.010345
v   0.003133  -0.023795   0.010345
v   0.006212  -0.023182   0.010345
v   0.009184  -0.022173   0.010345
v   0.012000  -0.020785   0.010345
v   0.014610  -0.019040   0.010345
v   0.016971  -0.016971   0.010345
v   0.019040  -0.014610   0.010345
v   0.020785  -0.012000   0.010345
v   0.022173  -0.009184   0.010345
v   0.023182  -0.006212   0.010345
v   0.023795  -0.003133   0.010345
v   0.027000   0.000000   0.010703
v   0.026769   0.003524   0.010703
v   0.026080   0.006988   0.010703
v   0.024945   0.010332   0.010703
v   0.023383   0.013500   0.010703
v   0.021421   0.016437   0.010703
v   0.019092   0.019092   0.010703
v   0.016437   0.021421   0.010703
v   0.013500   0.023383   0.010703
v   0.010332   0.024945   0.010703
v   0.006988   0.026080   0.010703
v   0.003524   0.026769   0.010703
v   0.000000   0.027000   0.010703
v  -0.003524   0.026769   0.010703
v  -0.006988   0.026080   0.010703
v  -0.010332   0.024945   0.010703
v  -0.013500   0.023383   0.010703
v  -0.016437   0.021421   0.010703
v  -0.019092   0.019092   0.010703
v  -0.021421   0.016437   0.010703
v  -0.023383   0.013500   0.010703
v  -0.024945   0.010332   0.010703
v  -0.026080   0.006988   0.010703
v  -0.026769   0.003524   0.010703
v  -0.027000   0.000000   0.010703
v  -0.026769  -0.003524   0.010703
v  -0.026080  -0.006988   0.010703
v  -0.024945  -0.010332   0.010703
v  -0.023383  -0.013500   0.010703
v  -0.021421  -0.016437   0.010703
v  -0.019092  -0.019092   0.010703
v  -0.016437  -0.021421   0.010703
v  -0.013500  -0.023383   0.010703
v  -0.010332  -0.024945   0.010703
v  -0.006988  -0.026080   0.010703
v  -0.003524  -0.026769   0.010703
v  -0.000000  -0.027000   0.010703
v   0.003524  -0.026769   0.010703
v   0.006988  -0.026080   0.010703
v   0.010332  -0.024945   0.010703
v   0.013500  -0.023383   0.010703
v   0.016437  -0.021421   0.010703
v   0.019092  -0.019092   0.010703
v   0.021421  -0.016437   0.010703
v   0.023383  -0.013500   0.010703
v   0.024945  -0.010332   0.010703
v   0.026080  -0.006988   0.010703
v   0.026769  -0.003524   0.010703
v   0.030000   0.000000   0.010925
v   0.029743   0.003916   0.010925
v   0.028978   0.007765   0.010925
v   0.027716   0.011481   0.010925
v   0.025981   0.015000   0.010925
v   0.023801   0.018263   0.010925
v   0.021213   0.021213   0.010925
v   0.018263   0.023801   0.010925
v   0.015000   0.025981   0.010925
v   0.011481   0.027716   0.010925
v   0.007765   0.028978   0.010925
v   0.003916   0.029743   0.010925
v   0.000000   0.030000   0.010925
v  -0.003916   0.029743   0.010925
v  -0.007765   0.028978   0.010925
v  -0.011481   0.027716   0.010925
v  -0.015000   0.025981   0.010925
v  -0.018263   0.023801   0.010925
v  -0.021213   0.021213   0.010925
v  -0.023801   0.018263   0.010925
v  -0.025981   0.015000   0.010925
v  -0.027716   0.011481   0.010925
v  -0.028978   0.007765   0.010925
v  -0.029743   0.003916   0.010925
v  -0.030000   0.000000   0.010925
v  -0.029743  -0.003916   0.010925
v  -0.028978  -0.007765   0.010925
v  -0.027716  -0.011481   0.010925
v  -0.025981  -0.015000   0.010925
v  -0.023801  -0.018263   0.010925
v  -0.021213  -0.021213   0.010925
v  -0.018263  -0.023801   0.010925
v  -0.015000  -0.025981   0.010925
v  -0.011481  -0.027716   0.010925
v  -0.007765  -0.028978   0.010925
v  -0.003916  -0.029743   0.010925
v  -0.000000  -0.030000   0.010925
v   0.003916  -0.029743   0.010925
v   0.007765  -0.028978   0.010925
v   0.011481  -0.027716   0.010925
v   0.015000  -0.025981   0.010925
v   0.018263  -0.023801   0.010925
v   0.021213  -0.021213   0.010925
v   0.023801  -0.018263   0.010925
v   0.025981  -0.015000   0.010925
v   0.027716  -0.011481   0.010925
v   0.028978  -0.007765   0.010925
v   0.029743  -0.003916   0.010925
v   0.033000   0.000000   0.011000
v   0.032718   0.004307   0.011000
v   0.031876   0.008541   0.011000
v   0.030488   0.012629   0.011000
v   0.028579   0.016500   0.011000
v   0.026181   0.020089   0.011000
v   0.023335   0.023335   0.011000
v   0.020089   0.026181   0.011000
v   0.016500   0.028579   0.011000
v   0.012629   0.030488   0.011000
v   0.008541   0.031876   0.011000
v   0.004307   0.032718   0.011000
v   0.000000   0.033000   0.011000
v  -0.004307   0.032718   0.011000
v  -0.008541   0.031876   0.011000
v  -0.012629   0.030488   0.011000
v  -0.016500   0.028579   0.011000
v  -0.020089   0.026181   0.011000
v  -0.023335   0.023335   0.011000
v  -0.026181   0.020089   0.011000
v  -0.028579   0.016500   0.011000
v  -0.030488   0.012629   0.011000
v  -0.031876   0.008541   0.011000
v  -0.032718   0.004307   0.011000
v  -0.033000   0.000000   0.011000
v  -0.032718  -0.004307   0.011000
v  -0.031876  -0.008541   0.011000
v  -0.030488  -0.012629   0.011000
v  -0.028579  -0.016500   0.011000
v  -0.026181  -0.020089   0.011000
v  -0.023335  -0.023335   0.011000
v  -0.020089  -0.026181   0.011000
v  -0.016500  -0.028579   0.011000
v  -0.012629  -0.030488   0.011000
v  -0.008541  -0.031876   0.011000
v  -0.004307  -0.032718   0.011000
v  -0.000000  -0.033000   0.011000
v   0.004307  -0.032718   0.011000
v   0.008541  -0.031876   0.011000
v   0.012629  -0.030488   0.011000
v   0.016500  -0.028579   0.011000
v   0.020089  -0.026181   0.011000
v   0.023335  -0.023335   0.011000
v   0.026181  -0.020089   0.011000
v   0.028579  -0.016500   0.011000
v   0.030488  -0.012629   0.011000
v   0.031876  -0.008541   0.011000
v   0.032718  -0.004307   0.011000
v   0.036000   0.000000   0.010925
v   0.035692   0.004699   0.010925
v   0.034773   0.009317   0.010925
v   0.033260   0.013777   0.010925
v   0.031177   0.018000   0.010925
v   0.028561   0.021915   0.010925
v   0.025456   0.025456   0.010925
v   0.021915   0.028561   0.010925
v   0.018000   0.031177   0.010925
v   0.013777   0.033260   0.010925
v   0.009317   0.034773   0.010925
v   0.004699   0.035692   0.010925
v   0.000000   0.036000   0.010925
v  -0.004699   0.035692   0.010925
v  -0.009317   0.034773   0.010925
v  -0.013777   0.033260   0.010925
v  -0.018000   0.031177   0.010925
v  -0.021915   0.028561   0.010925
v  -0.025456   0.025456   0.010925
v  -0.028561   0.021915   0.010925
v  -0.031177   0.018000   0.010925
v  -0.033260   0.013777   0.010925
v  -0.034773   0.009317   0.010925
v  -0.035692   0.004699   0.010925
v  -0.036000   0.000000   0.010925
v  -0.035692  -0.004699   0.010925
v  -0.034773  -0.009317   0.010925
v  -0.033260  -0.013777   0.010925
v  -0.031177  -0.018000   0.010925
v  -0.028561  -0.021915   0.010925
v  -0.025456  -0.025456   0.010925
v  -0.021915  -0.028561   0.010925
v  -0.018000  -0.031177   0.010925
v  -0.013777  -0.033260   0.010925
v  -0.009317  -0.034773   0.010925
v  -0.004699  -0.035692   0.010925
v  -0.000000  -0.036000   0.010925
v   0.004699  -0.035692   0.010925
v   0.009317  -0.034773   0.010925
v   0.013777  -0.033260   0.010925
v   0.018000  -0.031177   0.010925
v   0.021915  -0.028561   0.010925
v   0.025456  -0.025456   0.010925
v   0.028561  -0.021915   0.010925
v   0.031177  -0.018000   0.010925
v   0.033260  -0.013777   0.010925
v   0.034773  -0.009317   0.010925
v   0.035692  -0.004699   0.010925
v   0.039000   0.000000   0.010703
v   0.038666   0.005091   0.010703
v   0.037671   0.010094   0.010703
v   0.036031   0.014925   0.010703
v   0.033775   0.019500   0.010703
v   0.030941   0.023742   0.010703
v   0.027577   0.027577   0.010703
v   0.023742   0.030941   0.010703
v   0.019500   0.033775   0.010703
v   0.014925   0.036031   0.010703
v   0.010094   0.037671   0.010703
v   0.005091   0.038666   0.010703
v   0.000000   0.039000   0.010703
v  -0.005091   0.038666   0.010703
v  -0.010094   0.037671   0.010703
v  -0.014925   0.036031   0.010703
v  -0.019500   0.033775   0.010703
v  -0.023742   0.030941   0.010703
v  -0.027577   0.027577   0.010703
v  -0.030941   0.023742   0.010703
v  -0.033775   0.019500   0.010703
v  -0.036031   0.014925   0.010703
v  -0.037671   0.010094   0.010703
v  -0.038666   0.005091   0.010703
v  -0.039000   0.000000   0.010703
v  -0.038666  -0.005091   0.010703
v  -0.037671  -0.010094   0.010703
v  -0.036031  -0.014925   0.010703
v  -0.033775  -0.019500   0.010703
v  -0.030941  -0.023742   0.010703
v  -0.027577  -0.027577   0.010703
v  -0.023742  -0.030941   0.010703
v  -0.019500  -0.033775   0.010703
v  -0.014925  -0.036031   0.010703
v  -0.010094  -0.037671   0.010703
v  -0.005091  -0.038666   0.010703
v  -0.000000  -0.039000   0.010703
v   0.005091  -0.038666   0.010703
v   0.010094  -0.037671   0.010703
v   0.014925  -0.036031   0.010703
v   0.019500  -0.033775   0.010703
v   0.023742  -0.030941   0.010703
v   0.027577  -0.027577   0.010703
v   0.030941  -0.023742   0.010703
v   0.033775  -0.019500   0.010703
v   0.036031  -0.014925   0.010703
v   0.037671  -0.010094   0.010703
v   0.038666  -0.005091   0.010703
v   0.042000   0.000000   0.010345
v   0.041641   0.005482   0.010345
v   0.040569   0.010870   0.010345
v   0.038803   0.016073   0.010345
v   0.036373   0.021000   0.010345
v   0.033321   0.025568   0.010345
v   0.029698   0.029698   0.010345
v   0.025568   0.033321   0.010345
v   0.021000   0.036373   0.010345
v   0.016073   0.038803   0.010345
v   0.010870   0.040569   0.010345
v   0.005482   0.041641   0.010345
v   0.000000   0.042000   0.010345
v  -0.005482   0.041641   0.010345
v  -0.010870   0.040569   0.010345
v  -0.016073   0.038803   0.010345
v  -0.021000   0.036373   0.010345
v  -0.025568   0.033321   0.010345
v  -0.029698   0.029698   0.010345
v  -0.033321   0.025568   0.010345
v  -0.036373   0.021000   0.010345
v  -0.038803   0.016073   0.010345
v  -0.040569   0.010870   0.010345
v  -0.041641   0.005482   0.010345
v  -0.042000   0.000000   0.010345
v  -0.041641  -0.005482   0.010345
v  -0.040569  -0.010870   0.010345
v  -0.038803  -0.016073   0.010345
v  -0.036373  -0.021000   0.010345
v  -0.033321  -0.025568   0.010345
v  -0.029698  -0.029698   0.010345
v  -0.025568  -0.033321   0.010345
v  -0.021000  -0.036373   0.010345
v  -0.016073  -0.038803   0.010345
v  -0.010870  -0.040569   0.010345
v  -0.005482  -0.041641   0.010345
v  -0.000000  -0.042000   0.010345
v   0.005482  -0.041641   0.010345
v   0.010870  -0.040569   0.010345
v   0.016073  -0.038803   0.010345
v   0.021000  -0.036373   0.010345
v   0.025568  -0.033321   0.010345
v   0.029698  -0.029698   0.010345
v   0.033321  -0.025568   0.010345
v   0.036373  -0.021000   0.010345
v   0.038803  -0.016073   0.010345
v   0.040569  -0.010870   0.010345
v   0.041641  -0.005482   0.010345
v   0.045000   0.000000   0.009870
v   0.044615   0.005874   0.009870
v   0.043467   0.011647   0.009870
v   0.041575   0.017221   0.009870
v   0.038971   0.022500   0.009870
v   0.035701   0.027394   0.009870
v   0.031820   0.031820   0.009870
v   0.027394   0.035701   0.009870
v   0.022500   0.038971   0.009870
v   0.017221   0.041575   0.009870
v   0.011647   0.043467   0.009870
v   0.005874   0.044615   0.009870
v   0.000000   0.045000   0.009870
v  -0.005874   0.044615   0.009870
v  -0.011647   0.043467   0.009870
v  -0.017221   0.041575   0.009870
v  -0.022500   0.038971   0.009870
v  -0.027394   0.035701   0.009870
v  -0.031820   0.031820   0.009870
v  -0.035701   0.027394   0.009870
v  -0.038971   0.022500   0.009870
v  -0.041575   0.017221   0.009870
v  -0.043467   0.011647   0.009870
v  -0.044615   0.005874   0.009870
v  -0.045000   0.000000   0.009870
v  -0.044615  -0.005874   0.009870
v  -0.043467  -0.011647   0.009870
v  -0.041575  -0.017221   0.009870
v  -0.038971  -0.022500   0.009870
v  -0.035701  -0.027394   0.009870
v  -0.031820  -0.031820   0.009870
v  -0.027394  -0.035701   0.009870
v  -0.022500  -0.038971   0.009870
v  -0.017221  -0.041575   0.009870
v  -0.011647  -0.043467   0.009870
v  -0.005874  -0.044615   0.009870
v  -0.000000  -0.045000   0.009870
v   0.005874  -0.044615   0.009870
v   0.011647  -0.043467   0.009870
v   0.017221  -0.041575   0.009870
v   0.022500  -0.038971   0.009870
v   0.027394  -0.035701   0.009870
v   0.031820  -0.031820   0.009870
v   0.035701  -0.027394   0.009870
v   0.038971  -0.022500   0.009870
v   0.041575  -0.017221   0.009870
v   0.043467  -0.011647   0.009870
v   0.044615  -0.005874   0.009870
v   0.048000   0.000000   0.009302
v   0.047589   0.006265   0.009302
v   0.046364   0.012423   0.009302
v   0.044346   0.018369   0.009302
v   0.041569   0.024000   0.009302
v   0.038081   0.029221   0.009302
v   0.033941   0.033941   0.009302
v   0.029221   0.038081   0.009302
v   0.024000   0.041569   0.009302
v   0.018369   0.044346   0.009302
v   0.012423   0.046364   0.009302
v   0.006265   0.047589   0.009302
v   0.000000   0.048000   0.009302
v  -0.006265   0.047589   0.009302
v  -0.012423   0.046364   0.009302
v  -0.018369   0.044346   0.009302
v  -0.024000   0.041569   0.009302
v  -0.029221   0.038081   0.009302
v  -0.033941   0.033941   0.009302
v  -0.038081   0.029221   0.009302
v  -0.041569   0.024000   0.009302
v  -0.044346   0.018369   0.009302
v  -0.046364   0.012423   0.009302
v  -0.047589   0.006265   0.009302
v  -0.048000   0.000000   0.009302
v  -0.047589  -0.006265   0.009302
v  -0.046364  -0.012423   0.009302
v  -0.044346  -0.018369   0.009302
v  -0.041569  -0.024000   0.009302
v  -0.038081  -0.029221   0.009302
v  -0.033941  -0.033941   0.009302
v  -0.029221  -0.038081   0.009302
v  -0.024000  -0.041569   0.009302
v  -0.018369  -0.044346   0.009302
v  -0.012423  -0.046364   0.009302
v  -0.006265  -0.047589   0.009302
v  -0.000000  -0.048000   0.009302
v   0.006265  -0.047589   0.009302
v   0.012423  -0.046364   0.009302
v   0.018369  -0.044346   0.009302
v   0.024000  -0.041569   0.009302
v   0.029221  -0.038081   0.009302
v   0.033941  -0.033941   0.009302
v   0.038081  -0.029221   0.009302
v   0.041569  -0.024000   0.009302
v   0.044346  -0.018369   0.009302
v   0.046364  -0.012423   0.009302
v   0.047589  -0.006265   0.009302
v   0.051000   0.000000   0.008668
v   0.050564   0.006657   0.008668
v   0.049262   0.013200   0.008668
v   0.047118   0.019517   0.008668
v   0.044167   0.025500   0.008668
v   0.040461   0.031047   0.008668
v   0.036062   0.036062   0.008668
v   0.031047   0.040461   0.008668
v   0.025500   0.044167   0.008668
v   0.019517   0.047118   0.008668
v   0.013200   0.049262   0.008668
v   0.006657   0.050564   0.008668
v   0.000000   0.051000   0.008668
v  -0.006657   0.050564   0.008668
v  -0.013200   0.049262   0.008668
v  -0.019517   0.047118   0.008668
v  -0.025500   0.044167   0.008668
v  -0.031047   0.040461   0.008668
v  -0.036062   0.036062   0.008668
v  -0.040461   0.031047   0.008668
v  -0.044167   0.025500   0.008668
v  -0.047118   0.019517   0.008668
v  -0.049262   0.013200   0.008668
v  -0.050564   0.006657   0.008668
v  -0.051000   0.000000   0.008668
v  -0.050564  -0.006657   0.008668
v  -0.049262  -0.013200   0.008668
v  -0.047118  -0.019517   0.008668
v  -0.044167  -0.025500   0.008668
v  -0.040461  -0.031047   0.008668
v  -0.036062  -0.036062   0.008668
v  -0.031047  -0.040461   0.008668
v  -0.025500  -0.044167   0.008668
v  -0.019517  -0.047118   0.008668
v  -0.013200  -0.049262   0.008668
v  -0.006657  -0.050564   0.008668
v  -0.000000  -0.051000   0.008668
v   0.006657  -0.050564   0.008668
v   0.013200  -0.049262   0.008668
v   0.019517  -0.047118   0.008668
v   0.025500  -0.044167   0.008668
v   0.031047  -0.040461   0.008668
v   0.036062  -0.036062   0.008668
v   0.040461  -0.031047   0.008668
v   0.044167  -0.025500   0.008668
v   0.047118  -0.019517   0.008668
v   0.049262  -0.013200   0.008668
v   0.050564  -0.006657   0.008668
v   0.054000   0.000000   0.008000
v   0.053538   0.007048   0.008000
v   0.052160   0.013976   0.008000
v   0.049889   0.020665   0.008000
v   0.046765   0.027000   0.008000
v   0.042841   0.032873   0.008000
v   0.038184   0.038184   0.008000
v   0.032873   0.042841   0.008000
v   0.027000   0.046765   0.008000
v   0.020665   0.049889   0.008000
v   0.013976   0.052160   0.008000
v   0.007048   0.053538   0.008000
v   0.000000   0.054000   0.008000
v  -0.007048   0.053538   0.008000
v  -0.013976   0.052160   0.008000
v  -0.020665   0.049889   0.008000
v  -0.027000   0.046765   0.008000
v  -0.032873   0.042841   0.008000
v  -0.038184   0.038184   0.008000
v  -0.042841   0.032873   0.008000
v  -0.046765   0.027000   0.008000
v  -0.049889   0.020665   0.008000
v  -0.052160   0.013976   0.008000
v  -0.053538   0.007048   0.008000
v  -0.054000   0.000000   0.008000
v  -0.053538  -0.007048   0.008000
v  -0.052160  -0.013976   0.008000
v  -0.049889  -0.020665   0.008000
v  -0.046765  -0.027000   0.008000
v  -0.042841  -0.032873   0.008000
v  -0.038184  -0.038184   0.008000
v  -0.032873  -0.042841   0.008000
v  -0.027000  -0.046765   0.008000
v  -0.020665  -0.049889   0.008000
v  -0.013976  -0.052160   0.008000
v  -0.007048  -0.053538   0.008000
v  -0.000000  -0.054000   0.008000
v   0.007048  -0.053538   0.008000
v   0.013976  -0.052160   0.008000
v   0.020665  -0.049889   0.008000
v   0.027000  -0.046765   0.008000
v   0.032873  -0.042841   0.008000
v   0.038184  -0.038184   0.008000
v   0.042841  -0.032873   0.008000
v   0.046765  -0.027000   0.008000
v   0.049889  -0.020665   0.008000
v   0.052160  -0.013976   0.008000
v   0.053538  -0.007048   0.008000
v   0.058000   0.000000   0.010000
v   0.057504   0.007571   0.010000
v   0.056024   0.015012   0.010000
v   0.053585   0.022196   0.010000
v   0.050229   0.029000   0.010000
v   0.046014   0.035308   0.010000
v   0.041012   0.041012   0.010000
v   0.035308   0.046014   0.010000
v   0.029000   0.050229   0.010000
v   0.022196   0.053585   0.010000
v   0.015012   0.056024   0.010000
v   0.007571   0.057504   0.010000
v   0.000000   0.058000   0.010000
v  -0.007571   0.057504   0.010000
v  -0.015012   0.056024   0.010000
v  -0.022196   0.053585   0.010000
v  -0.029000   0.050229   0.010000
v  -0.035308   0.046014   0.010000
v  -0.041012   0.041012   0.010000
v  -0.046014   0.035308   0.010000
v  -0.050229   0.029000   0.010000
v  -0.053585   0.022196   0.010000
v  -0.056024   0.015012   0.010000
v  -0.057504   0.007571   0.010000
v  -0.058000   0.000000   0.010000
v  -0.057504  -0.007571   0.010000
v  -0.056024  -0.015012   0.010000
v  -0.053585  -0.022196   0.010000
v  -0.050229  -0.029000   0.010000
v  -0.046014  -0.035308   0.010000
v  -0.041012  -0.041012   0.010000
v  -0.035308  -0.046014   0.010000
v  -0.029000  -0.050229   0.010000
v  -0.022196  -0.053585   0.010000
v  -0.015012  -0.056024   0.010000
v  -0.007571  -0.057504   0.010000
v  -0.000000  -0.058000   0.010000
v   0.007571  -0.057504   0.010000
v   0.015012  -0.056024   0.010000
v   0.022196  -0.053585   0.010000
v   0.029000  -0.050229   0.010000
v   0.035308  -0.046014   0.010000
v   0.041012  -0.041012   0.010000
v   0.046014  -0.035308   0.010000
v   0.050229  -0.029000   0.010000
v   0.053585  -0.022196   0.010000
v   0.056024  -0.015012   0.010000
v   0.057504  -0.007571   0.010000
v   0.062000   0.000000   0.010000
v   0.061470   0.008093   0.010000
v   0.059887   0.016047   0.010000
v   0.057281   0.023726   0.010000
v   0.053694   0.031000   0.010000
v   0.049188   0.037743   0.010000
v   0.043841   0.043841   0.010000
v   0.037743   0.049188   0.010000
v   0.031000   0.053694   0.010000
v   0.023726   0.057281   0.010000
v   0.016047   0.059887   0.010000
v   0.008093   0.061470   0.010000
v   0.000000   0.062000   0.010000
v  -0.008093   0.061470   0.010000
v  -0.016047   0.059887   0.010000
v  -0.023726   0.057281   0.010000
v  -0.031000   0.053694   0.010000
v  -0.037743   0.049188   0.010000
v  -0.043841   0.043841   0.010000
v  -0.049188   0.037743   0.010000
v  -0.053694   0.031000   0.010000
v  -0.057281   0.023726   0.010000
v  -0.059887   0.016047   0.010000
v  -0.061470   0.008093   0.010000
v  -0.062000   0.000000   0.010000
v  -0.061470  -0.008093   0.010000
v  -0.059887  -0.016047   0.010000
v  -0.057281  -0.023726   0.010000
v  -0.053694  -0.031000   0.010000
v  -0.049188  -0.037743   0.010000
v  -0.043841  -0.043841   0.010000
v  -0.037743  -0.049188   0.010000
v  -0.031000  -0.053694   0.010000
v  -0.023726  -0.057281   0.010000
v  -0.016047  -0.059887   0.010000
v  -0.008093  -0.061470   0.010000
v  -0.000000  -0.062000   0.010000
v   0.008093  -0.061470   0.010000
v   0.016047  -0.059887   0.010000
v   0.023726  -0.057281   0.010000
v   0.031000  -0.053694   0.010000
v   0.037743  -0.049188   0.010000
v   0.043841  -0.043841   0.010000
v   0.049188  -0.037743   0.010000
v   0.053694  -0.031000   0.010000
v   0.057281  -0.023726   0.010000
v   0.059887  -0.016047   0.010000
v   0.061470  -0.008093   0.010000
v   0.066000   0.000000   0.014000
v   0.065435   0.008615   0.014000
v   0.063751   0.017082   0.014000
v   0.060976   0.025257   0.014000
v   0.057158   0.033000   0.014000
v   0.052361   0.040178   0.014000
v   0.046669   0.046669   0.014000
v   0.040178   0.052361   0.014000
v   0.033000   0.057158   0.014000
v   0.025257   0.060976   0.014000
v   0.017082   0.063751   0.014000
v   0.008615   0.065435   0.014000
v   0.000000   0.066000   0.014000
v  -0.008615   0.065435   0.014000
v  -0.017082   0.063751   0.014000
v  -0.025257   0.060976   0.014000
v  -0.033000   0.057158   0.014000
v  -0.040178   0.052361   0.014000
v  -0.046669   0.046669   0.014000
v  -0.052361   0.040178   0.014000
v  -0.057158   0.033000   0.014000
v  -0.060976   0.025257   0.014000
v  -0.063751   0.017082   0.014000
v  -0.065435   0.008615   0.014000
v  -0.066000   0.000000   0.014000
v  -0.065435  -0.008615   0.014000
v  -0.063751  -0.017082   0.014000
v  -0.060976  -0.025257   0.014000
v  -0.057158  -0.033000   0.014000
v  -0.052361  -0.040178   0.014000
v  -0.046669  -0.046669   0.014000
v  -0.040178  -0.052361   0.014000
v  -0.033000  -0.057158   0.014000
v  -0.025257  -0.060976   0.014000
v  -0.017082  -0.063751   0.014000
v  -0.008615  -0.065435   0.014000
v  -0.000000  -0.066000   0.014000
v   0.008615  -0.065435   0.014000
v   0.017082  -0.063751   0.014000
v   0.025257  -0.060976   0.014000
v   0.033000  -0.057158   0.014000
v   0.040178  -0.052361   0.014000
v   0.046669  -0.046669   0.014000
v   0.052361  -0.040178   0.014000
v   0.057158  -0.033000   0.014000
v   0.060976  -0.025257   0.014000
v   0.063751  -0.017082   0.014000
v   0.065435  -0.008615   0.014000
v   0.066000   0.000000   0.020000
v   0.065435   0.008615   0.020000
v   0.063751   0.017082   0.020000
v   0.060976   0.025257   0.020000
v   0.057158   0.033000   0.020000
v   0.052361   0.040178   0.020000
v   0.046669   0.046669   0.020000
v   0.040178   0.052361   0.020000
v   0.033000   0.057158   0.020000
v   0.025257   0.060976   0.020000
v   0.017082   0.063751   0.020000
v   0.008615   0.065435   0.020000
v   0.000000   0.066000   0.020000
v  -0.008615   0.065435   0.020000
v  -0.017082   0.063751   0.020000
v  -0.025257   0.060976   0.020000
v  -0.033000   0.057158   0.020000
v  -0.040178   0.052361   0.020000
v  -0.046669   0.046669   0.020000
v  -0.052361   0.040178   0.020000
v  -0.057158   0.033000   0.020000
v  -0.060976   0.025257   0.020000
v  -0.063751   0.017082   0.020000
v  -0.065435   0.008615   0.020000
v  -0.066000   0.000000   0.020000
v  -0.065435  -0.008615   0.020000
v  -0.063751  -0.017082   0.020000
v  -0.060976  -0.025257   0.020000
v  -0.057158  -0.033000   0.020000
v  -0.052361  -0.040178   0.020000
v  -0.046669  -0.046669   0.020000
v  -0.040178  -0.052361   0.020000
v  -0.033000  -0.057158   0.020000
v  -0.025257  -0.060976   0.020000
v  -0.017082  -0.063751   0.020000
v  -0.008615  -0.065435   0.020000
v  -0.000000  -0.066000   0.020000
v   0.008615  -0.065435   0.020000
v   0.017082  -0.063751   0.020000
v   0.025257  -0.060976   0.020000
v   0.033000  -0.057158   0.020000
v   0.040178  -0.052361   0.020000
v   0.046669  -0.046669   0.020000
v   0.052361  -0.040178   0.020000
v   0.057158  -0.033000   0.020000
v   0.060976  -0.025257   0.020000
v   0.063751  -0.017082   0.020000
v   0.065435  -0.008615   0.020000
v   0.062000   0.000000   0.024000
v   0.061470   0.008093   0.024000
v   0.059887   0.016047   0.024000
v   0.057281   0.023726   0.024000
v   0.053694   0.031000   0.024000
v   0.049188   0.037743   0.024000
v   0.043841   0.043841   0.024000
v   0.037743   0.049188   0.024000
v   0.031000   0.053694   0.024000
v   0.023726   0.057281   0.024000
v   0.016047   0.059887   0.024000
v   0.008093   0.061470   0.024000
v   0.000000   0.062000   0.024000
v  -0.008093   0.061470   0.024000
v  -0.016047   0.059887   0.024000
v  -0.023726   0.057281   0.024000
v  -0.031000   0.053694   0.024000
v  -0.037743   0.049188   0.024000
v  -0.043841   0.043841   0.024000
v  -0.049188   0.037743   0.024000
v  -0.053694   0.031000   0.024000
v  -0.057281   0.023726   0.024000
v  -0.059887   0.016047   0.024000
v  -0.061470   0.008093   0.024000
v  -0.062000   0.000000   0.024000
v  -0.061470  -0.008093   0.024000
v  -0.059887  -0.016047   0.024000
v  -0.057281  -0.023726   0.024000
v  -0.053694  -0.031000   0.024000
v  -0.049188  -0.037743   0.024000
v  -0.043841  -0.043841   0.024000
v  -0.037743  -0.049188   0.024000
v  -0.031000  -0.053694   0.024000
v  -0.023726  -0.057281   0.024000
v  -0.016047  -0.059887   0.024000
v  -0.008093  -0.061470   0.024000
v  -0.000000  -0.062000   0.024000
v   0.008093  -0.061470   0.024000
v   0.016047  -0.059887   0.024000
v   0.023726  -0.057281   0.024000
v   0.031000  -0.053694   0.024000
v   0.037743  -0.049188   0.024000
v   0.043841  -0.043841   0.024000
v   0.049188  -0.037743   0.024000
v   0.053694  -0.031000   0.024000
v   0.057281  -0.023726   0.024000
v   0.059887  -0.016047   0.024000
v   0.061470  -0.008093   0.024000
v   0.054000   0.000000   0.024000
v   0.053538   0.007048   0.024000
v   0.052160   0.013976   0.024000
v   0.049889   0.020665   0.024000
v   0.046765   0.027000   0.024000
v   0.042841   0.032873   0.024000
v   0.038184   0.038184   0.024000
v   0.032873   0.042841   0.024000
v   0.027000   0.046765   0.024000
v   0.020665   0.049889   0.024000
v   0.013976   0.052160   0.024000
v   0.007048   0.053538   0.024000
v   0.000000   0.054000   0.024000
v  -0.007048   0.053538   0.024000
v  -0.013976   0.052160   0.024000
v  -0.020665   0.049889   0.024000
v  -0.027000   0.046765   0.024000
v  -0.032873   0.042841   0.024000
v  -0.038184   0.038184   0.024000
v  -0.042841   0.032873   0.024000
v  -0.046765   0.027000   0.024000
v  -0.049889   0.020665   0.024000
v  -0.052160   0.013976   0.024000
v  -0.053538   0.007048   0.024000
v  -0.054000   0.000000   0.024000
v  -0.053538  -0.007048   0.024000
v  -0.052160  -0.013976   0.024000
v  -0.049889  -0.020665   0.024000
v  -0.046765  -0.027000   0.024000
v  -0.042841  -0.032873   0.024000
v  -0.038184  -0.038184   0.024000
v  -0.032873  -0.042841   0.024000
v  -0.027000  -0.046765   0.024000
v  -0.020665  -0.049889   0.024000
v  -0.013976  -0.052160   0.024000
v  -0.007048  -0.053538   0.024000
v  -0.000000  -0.054000   0.024000
v   0.007048  -0.053538   0.024000
v   0.013976  -0.052160   0.024000
v   0.020665  -0.049889   0.024000
v   0.027000  -0.046765   0.024000
v   0.032873  -0.042841   0.024000
v   0.038184  -0.038184   0.024000
v   0.042841  -0.032873   0.024000
v   0.046765  -0.027000   0.024000
v   0.049889  -0.020665   0.024000
v   0.052160  -0.013976   0.024000
v   0.053538  -0.007048   0.024000
v   0.000000   0.000000   0.000000

vn  0.000000  0.000000  1.000000
vn  0.000000  0.000000  1.000000
vn  0.000000  0.000000  1.000000
vn  0.000000  0.000000  1.000000
vn  0.000000  0.000000  1.000000
vn  0.000000  0.000000  1.000000
vn  0.000000  0.000000  1.000000
vn  0.000000  0.000000  1.000000
vn  0.000000  0.000000  1.000000
vn  0.000000  0.000000  1.000000
vn  0.000000  0.000000  1.000000
vn  0.000000  0.000000  1.000000
vn  0.000000  0.000000  1.000000
vn  0.000000  0.000000  1.000000
vn  0.000000  0.000000  1.000000
vn  0.000000  0.000000  1.000000
vn  0.000000  0.000000  1.000000
vn  0.000000  0.000000  1.000000
vn  0.000000  0.000000  1.000000
vn  0.000000  0.000000  1.000000
vn  0.000000  0.000000  1.000000
vn  0.000000  0.000000  1.000000
vn  0.000000  0.000000  1.000000
vn  0.000000  0.000000  1.000000
vn  0.000000  0.000000  1.000000
vn  0.000000  0.000000  1.000000
vn  0.000000  0.000000  1.000000
vn  0.000000  0.000000  1.000000
vn  0.000000  0.000000  1.000000
vn  0.000000  0.000000  1.000000
vn  0.000000  0.000000  1.000000
vn  0.000000  0.000000  1.000000
vn  0.000000  0.000000  1.000000
vn  0.000000  0.000000  1.000000
vn  0.000000  0.000000  1.000000
vn  0.000000  0.000000  1.000000
vn  0.000000  0.000000  1.000000
vn  0.000000  0.000000  1.000000
vn  0.000000  0.000000  1.000000
vn  0.000000  0.000000  1.000000
vn  0.000000  0.000000  1.000000
vn  0.000000  0.000000  1.000000
vn  0.000000  0.000000  1.000000
vn  0.000000  0.000000  1.000000
vn  0.000000  0.000000  1.000000
vn  0.000000  0.000000  1.000000
vn  0.000000  0.000000  1.000000
vn  0.000000  0.000000  1.000000
vn  0.000000  0.000000  1.000000
vn  0.000000  0.000000  1.000000
vn  0.000000  0.000000  1.000000
vn  0.000000  0.000000  1.000000
vn  0.000000  0.000000  1.000000
vn  0.000000  0.000000  1.000000
vn  0.000000  0.000000  1.000000
vn  0.000000  0.000000  1.000000
vn  0.000000  0.000000  1.000000
vn  0.000000  0.000000  1.000000
vn  0.000000  0.000000  1.000000
vn  0.000000  0.000000  1.000000
vn  0.000000  0.000000  1.000000
vn  0.000000  0.000000  1.000000
vn  0.000000  0.000000  1.000000
vn  0.000000  0.000000  1.000000
vn  0.000000  0.000000  1.000000
vn  0.000000  0.000000  1.000000
vn  0.000000  0.000000  1.000000
vn  0.000000  0.000000  1.000000
vn  0.000000  0.000000  1.000000
vn  0.000000  0.000000  1.000000
vn  0.000000  0.000000  1.000000
vn  0.000000  0.000000  1.000000
vn  0.000000  0.000000  1.000000
vn  0.000000  0.000000  1.000000
vn  0.000000  0.000000  1.000000
vn  0.000000  0.000000  1.000000
vn  0.000000  0.000000  1.000000
vn  0.000000  0.000000  1.000000
vn  0.000000  0.000000  1.000000
vn  0.000000  0.000000  1.000000
vn  0.000000  0.000000  1.000000
vn  0.000000  0.000000  1.000000
vn  0.000000  0.000000  1.000000
vn  0.000000  0.000000  1.000000
vn  0.000000  0.000000  1.000000
vn  0.000000  0.000000  1.000000
vn  0.000000  0.000000  1.000000
vn  0.000000  0.000000  1.000000
vn  0.000000  0.000000  1.000000
vn  0.000000  0.000000  1.000000
vn  0.000000  0.000000  1.000000
vn  0.000000  0.000000  1.000000
vn  0.000000  0.000000  1.000000
vn  0.000000  0.000000  1.000000
vn  0.000000  0.000000  1.000000
vn  0.000000  0.000000  1.000000
vn  0.000000  0.000000  1.000000
vn  0.000000  0.000000  1.000000
vn  0.273217 -0.000000 -0.961952
vn  0.270880  0.035662 -0.961952
vn  0.263908  0.070714 -0.961952
vn  0.252420  0.104556 -0.961952
vn  0.236613  0.136609 -0.961952
vn  0.216758  0.166324 -0.961952
vn  0.193194  0.193194 -0.961952
vn  0.166324  0.216758 -0.961952
vn  0.136609  0.236613 -0.961952
vn  0.104556  0.252420 -0.961952
vn  0.070714  0.263908 -0.961952
vn  0.035662  0.270880 -0.961952
vn  0.000000  0.273217 -0.961952
vn -0.035662  0.270880 -0.961952
vn -0.070714  0.263908 -0.961952
vn -0.104556  0.252420 -0.961952
vn -0.136609  0.236613 -0.961952
vn -0.166324  0.216758 -0.961952
vn -0.193194  0.193194 -0.961952
vn -0.216758  0.166324 -0.961952
vn -0.236613  0.136609 -0.961952
vn -0.252420  0.104556 -0.961952
vn -0.263908  0.070714 -0.961952
vn -0.270880  0.035662 -0.961952
vn -0.273217  0.000000 -0.961952
vn -0.270880 -0.035662 -0.961952
vn -0.263908 -0.070714 -0.961952
vn -0.252420 -0.104556 -0.961952
vn -0.236613 -0.136609 -0.961952
vn -0.216758 -0.166324 -0.961952
vn -0.193194 -0.193194 -0.961952
vn -0.166324 -0.216758 -0.961952
vn -0.136609 -0.236613 -0.961952
vn -0.104556 -0.252420 -0.961952
vn -0.070714 -0.263908 -0.961952
vn -0.035662 -0.270880 -0.961952
vn -0.000000 -0.273217 -0.961952
vn  0.035662 -0.270880 -0.961952
vn  0.070714 -0.263908 -0.961952
vn  0.104556 -0.252420 -0.961952
vn  0.136609 -0.236613 -0.961952
vn  0.166324 -0.216758 -0.961952
vn  0.193194 -0.193194 -0.961952
vn  0.216758 -0.166324 -0.961952
vn  0.236613 -0.136609 -0.961952
vn  0.252420 -0.104556 -0.961952
vn  0.263908 -0.070714 -0.961952
vn  0.270880 -0.035662 -0.961952
vn  0.707107 -0.000000 -0.707107
vn  0.701057  0.092296 -0.707107
vn  0.683013  0.183013 -0.707107
vn  0.653281  0.270598 -0.707107
vn  0.612372  0.353553 -0.707107
vn  0.560986  0.430459 -0.707107
vn  0.500000  0.500000 -0.707107
vn  0.430459  0.560986 -0.707107
vn  0.353553  0.612372 -0.707107
vn  0.270598  0.653281 -0.707107
vn  0.183013  0.683013 -0.707107
vn  0.092296  0.701057 -0.707107
vn  0.000000  0.707107 -0.707107
vn -0.092296  0.701057 -0.707107
vn -0.183013  0.683013 -0.707107
vn -0.270598  0.653281 -0.707107
vn -0.353553  0.612372 -0.707107
vn -0.430459  0.560986 -0.707107
vn -0.500000  0.500000 -0.707107
vn -0.560986  0.430459 -0.707107
vn -0.612372  0.353553 -0.707107
vn -0.653281  0.270598 -0.707107
vn -0.683013  0.183013 -0.707107
vn -0.701057  0.092296 -0.707107
vn -0.707107  0.000000 -0.707107
vn -0.701057 -0.092296 -0.707107
vn -0.683013 -0.183013 -0.707107
vn -0.653281 -0.270598 -0.707107
vn -0.612372 -0.353553 -0.707107
vn -0.560986 -0.430459 -0.707107
vn -0.500000 -0.500000 -0.707107
vn -0.430459 -0.560986 -0.707107
vn -0.353553 -0.612372 -0.707107
vn -0.270598 -0.653281 -0.707107
vn -0.183013 -0.683013 -0.707107
vn -0.092296 -0.701057 -0.707107
vn -0.000000 -0.707107 -0.707107
vn  0.092296 -0.701057 -0.707107
vn  0.183013 -0.683013 -0.707107
vn  0.270598 -0.653281 -0.707107
vn  0.353553 -0.612372 -0.707107
vn  0.430459 -0.560986 -0.707107
vn  0.500000 -0.500000 -0.707107
vn  0.560986 -0.430459 -0.707107
vn  0.612372 -0.353553 -0.707107
vn  0.653281 -0.270598 -0.707107
vn  0.683013 -0.183013 -0.707107
vn  0.701057 -0.092296 -0.707107
vn  0.707107 -0.000000  0.707107
vn  0.701057  0.092296  0.707107
vn  0.683013  0.183013  0.707107
vn  0.653281  0.270598  0.707107
vn  0.612372  0.353553  0.707107
vn  0.560986  0.430459  0.707107
vn  0.500000  0.500000  0.707107
vn  0.430459  0.560986  0.707107
vn  0.353553  0.612372  0.707107
vn  0.270598  0.653281  0.707107
vn  0.183013  0.683013  0.707107
vn  0.092296  0.701057  0.707107
vn  0.000000  0.707107  0.707107
vn -0.092296  0.701057  0.707107
vn -0.183013  0.683013  0.707107
vn -0.270598  0.653281  0.707107
vn -0.353553  0.612372  0.707107
vn -0.430459  0.560986  0.707107
vn -0.500000  0.500000  0.707107
vn -0.560986  0.430459  0.707107
vn -0.612372  0.353553  0.707107
vn -0.653281  0.270598  0.707107
vn -0.683013  0.183013  0.707107
vn -0.701057  0.092296  0.707107
vn -0.707107  0.000000  0.707107
vn -0.701057 -0.092296  0.707107
vn -0.683013 -0.183013  0.707107
vn -0.653281 -0.270598  0.707107
vn -0.612372 -0.353553  0.707107
vn -0.560986 -0.430459  0.707107
vn -0.500000 -0.500000  0.707107
vn -0.430459 -0.560986  0.707107
vn -0.353553 -0.612372  0.707107
vn -0.270598 -0.653281  0.707107
vn -0.183013 -0.683013  0.707107
vn -0.092296 -0.701057  0.707107
vn -0.000000 -0.707107  0.707107
vn  0.092296 -0.701057  0.707107
vn  0.183013 -0.683013  0.707107
vn  0.270598 -0.653281  0.707107
vn  0.353553 -0.612372  0.707107
vn  0.430459 -0.560986  0.707107
vn  0.500000 -0.500000  0.707107
vn  0.560986 -0.430459  0.707107
vn  0.612372 -0.353553  0.707107
vn  0.653281 -0.270598  0.707107
vn  0.683013 -0.183013  0.707107
vn  0.701057 -0.092296  0.707107
vn  0.339471 -0.000000  0.940617
vn  0.336566  0.044310  0.940617
vn  0.327903  0.087861  0.940617
vn  0.313630  0.129910  0.940617
vn  0.293990  0.169735  0.940617
vn  0.269320  0.206657  0.940617
vn  0.240042  0.240042  0.940617
vn  0.206657  0.269320  0.940617
vn  0.169735  0.293990  0.940617
vn  0.129910  0.313630  0.940617
vn  0.087861  0.327903  0.940617
vn  0.044310  0.336566  0.940617
vn  0.000000  0.339471  0.940617
vn -0.044310  0.336566  0.940617
vn -0.087861  0.327903  0.940617
vn -0.129910  0.313630  0.940617
vn -0.169735  0.293990  0.940617
vn -0.206657  0.269320  0.940617
vn -0.240042  0.240042  0.940617
vn -0.269320  0.206657  0.940617
vn -0.293990  0.169735  0.940617
vn -0.313630  0.129910  0.940617
vn -0.327903  0.087861  0.940617
vn -0.336566  0.044310  0.940617
vn -0.339471  0.000000  0.940617
vn -0.336566 -0.044310  0.940617
vn -0.327903 -0.087861  0.940617
vn -0.313630 -0.129910  0.940617
vn -0.293990 -0.169735  0.940617
vn -0.269320 -0.206657  0.940617
vn -0.240042 -0.240042  0.940617
vn -0.206657 -0.269320  0.940617
vn -0.169735 -0.293990  0.940617
vn -0.129910 -0.313630  0.940617
vn -0.087861 -0.327903  0.940617
vn -0.044310 -0.336566  0.940617
vn -0.000000 -0.339471  0.940617
vn  0.044310 -0.336566  0.940617
vn  0.087861 -0.327903  0.940617
vn  0.129910 -0.313630  0.940617
vn  0.169735 -0.293990  0.940617
vn  0.206657 -0.269320  0.940617
vn  0.240042 -0.240042  0.940617
vn  0.269320 -0.206657  0.940617
vn  0.293990 -0.169735  0.940617
vn  0.313630 -0.129910  0.940617
vn  0.327903 -0.087861  0.940617
vn  0.336566 -0.044310  0.940617
vn  0.000000  0.000000  1.000000
vn  0.000000  0.000000  1.000000
vn  0.000000  0.000000  1.000000
vn  0.000000  0.000000  1.000000
vn  0.000000  0.000000  1.000000
vn  0.000000  0.000000  1.000000
vn  0.000000  0.000000  1.000000
vn  0.000000  0.000000  1.000000
vn  0.000000  0.000000  1.000000
vn  0.000000  0.000000  1.000000
vn  0.000000  0.000000  1.000000
vn  0.000000  0.000000  1.000000
vn  0.000000  0.000000  1.000000
vn  0.000000  0.000000  1.000000
vn  0.000000  0.000000  1.000000
vn  0.000000  0.000000  1.000000
vn  0.000000  0.000000  1.000000
vn  0.000000  0.000000  1.000000
vn  0.000000  0.000000  1.000000
vn  0.000000  0.000000  1.000000
vn  0.000000  0.000000  1.000000
vn  0.000000  0.000000  1.000000
vn  0.000000  0.000000  1.000000
vn  0.000000  0.000000  1.000000
vn  0.000000  0.000000  1.000000
vn  0.000000  0.000000  1.000000
vn  0.000000  0.000000  1.000000
vn  0.000000  0.000000  1.000000
vn  0.000000  0.000000  1.000000
vn  0.000000  0.000000  1.000000
vn  0.000000  0.000000  1.000000
vn  0.000000  0.000000  1.000000
vn  0.000000  0.000000  1.000000
vn  0.000000  0.000000  1.000000
vn  0.000000  0.000000  1.000000
vn  0.000000  0.000000  1.000000
vn  0.000000  0.000000  1.000000
vn  0.000000  0.000000  1.000000
vn  0.000000  0.000000  1.000000
vn  0.000000  0.000000  1.000000
vn  0.000000  0.000000  1.000000
vn  0.000000  0.000000  1.000000
vn  0.000000  0.000000  1.000000
vn  0.000000  0.000000  1.000000
vn  0.000000  0.000000  1.000000
vn  0.000000  0.000000  1.000000
vn  0.000000  0.000000  1.000000
vn  0.000000  0.000000  1.000000
vn  0.217208 -0.000000 -0.976125
vn  0.215350  0.028351 -0.976125
vn  0.209807  0.056218 -0.976125
vn  0.200674  0.083122 -0.976125
vn  0.188108  0.108604 -0.976125
vn  0.172323  0.132228 -0.976125
vn  0.153589  0.153589 -0.976125
vn  0.132228  0.172323 -0.976125
vn  0.108604  0.188108 -0.976125
vn  0.083122  0.200674 -0.976125
vn  0.056218  0.209807 -0.976125
vn  0.028351  0.215350 -0.976125
vn  0.000000  0.217208 -0.976125
vn -0.028351  0.215350 -0.976125
vn -0.056218  0.209807 -0.976125
vn -0.083122  0.200674 -0.976125
vn -0.108604  0.188108 -0.976125
vn -0.132228  0.172323 -0.976125
vn -0.153589  0.153589 -0.976125
vn -0.172323  0.132228 -0.976125
vn -0.188108  0.108604 -0.976125
vn -0.200674  0.083122 -0.976125
vn -0.209807  0.056218 -0.976125
vn -0.215350  0.028351 -0.976125
vn -0.217208  0.000000 -0.976125
vn -0.215350 -0.028351 -0.976125
vn -0.209807 -0.056218 -0.976125
vn -0.200674 -0.083122 -0.976125
vn -0.188108 -0.108604 -0.976125
vn -0.172323 -0.132228 -0.976125
vn -0.153589 -0.153589 -0.976125
vn -0.132228 -0.172323 -0.976125
vn -0.108604 -0.188108 -0.976125
vn -0.083122 -0.200674 -0.976125
vn -0.056218 -0.209807 -0.976125
vn -0.028351 -0.215350 -0.976125
vn -0.000000 -0.217208 -0.976125
vn  0.028351 -0.215350 -0.976125
vn  0.056218 -0.209807 -0.976125
vn  0.083122 -0.200674 -0.976125
vn  0.108604 -0.188108 -0.976125
vn  0.132228 -0.172323 -0.976125
vn  0.153589 -0.153589 -0.976125
vn  0.172323 -0.132228 -0.976125
vn  0.188108 -0.108604 -0.976125
vn  0.200674 -0.083122 -0.976125
vn  0.209807 -0.056218 -0.976125
vn  0.215350 -0.028351 -0.976125
vn  0.211489 -0.000000 -0.977380
vn  0.209680  0.027605 -0.977380
vn  0.204283  0.054737 -0.977380
vn  0.195391  0.080933 -0.977380
vn  0.183155  0.105745 -0.977380
vn  0.167786  0.128747 -0.977380
vn  0.149546  0.149546 -0.977380
vn  0.128747  0.167786 -0.977380
vn  0.105745  0.183155 -0.977380
vn  0.080933  0.195391 -0.977380
vn  0.054737  0.204283 -0.977380
vn  0.027605  0.209680 -0.977380
vn  0.000000  0.211489 -0.977380
vn -0.027605  0.209680 -0.977380
vn -0.054737  0.204283 -0.977380
vn -0.080933  0.195391 -0.977380
vn -0.105745  0.183155 -0.977380
vn -0.128747  0.167786 -0.977380
vn -0.149546  0.149546 -0.977380
vn -0.167786  0.128747 -0.977380
vn -0.183155  0.105745 -0.977380
vn -0.195391  0.080933 -0.977380
vn -0.204283  0.054737 -0.977380
vn -0.209680  0.027605 -0.977380
vn -0.211489  0.000000 -0.977380
vn -0.209680 -0.027605 -0.977380
vn -0.204283 -0.054737 -0.977380
vn -0.195391 -0.080933 -0.977380
vn -0.183155 -0.105745 -0.977380
vn -0.167786 -0.128747 -0.977380
vn -0.149546 -0.149546 -0.977380
vn -0.128747 -0.167786 -0.977380
vn -0.105745 -0.183155 -0.977380
vn -0.080933 -0.195391 -0.977380
vn -0.054737 -0.204283 -0.977380
vn -0.027605 -0.209680 -0.977380
vn -0.000000 -0.211489 -0.977380
vn  0.027605 -0.209680 -0.977380
vn  0.054737 -0.204283 -0.977380
vn  0.080933 -0.195391 -0.977380
vn  0.105745 -0.183155 -0.977380
vn  0.128747 -0.167786 -0.977380
vn  0.149546 -0.149546 -0.977380
vn  0.167786 -0.128747 -0.977380
vn  0.183155 -0.105745 -0.977380
vn  0.195391 -0.080933 -0.977380
vn  0.204283 -0.054737 -0.977380
vn  0.209680 -0.027605 -0.977380
vn  0.195718 -0.000000 -0.980660
vn  0.194044  0.025546 -0.980660
vn  0.189049  0.050656 -0.980660
vn  0.180820  0.074898 -0.980660
vn  0.169497  0.097859 -0.980660
vn  0.155274  0.119146 -0.980660
vn  0.138394  0.138394 -0.980660
vn  0.119146  0.155274 -0.980660
vn  0.097859  0.169497 -0.980660
vn  0.074898  0.180820 -0.980660
vn  0.050656  0.189049 -0.980660
vn  0.025546  0.194044 -0.980660
vn  0.000000  0.195718 -0.980660
vn -0.025546  0.194044 -0.980660
vn -0.050656  0.189049 -0.980660
vn -0.074898  0.180820 -0.980660
vn -0.097859  0.169497 -0.980660
vn -0.119146  0.155274 -0.980660
vn -0.138394  0.138394 -0.980660
vn -0.155274  0.119146 -0.980660
vn -0.169497  0.097859 -0.980660
vn -0.180820  0.074898 -0.980660
vn -0.189049  0.050656 -0.980660
vn -0.194044  0.025546 -0.980660
vn -0.195718  0.000000 -0.980660
vn -0.194044 -0.025546 -0.980660
vn -0.189049 -0.050656 -0.980660
vn -0.180820 -0.074898 -0.980660
vn -0.169497 -0.097859 -0.980660
vn -0.155274 -0.119146 -0.980660
vn -0.138394 -0.138394 -0.980660
vn -0.119146 -0.155274 -0.980660
vn -0.097859 -0.169497 -0.980660
vn -0.074898 -0.180820 -0.980660
vn -0.050656 -0.189049 -0.980660
vn -0.025546 -0.194044 -0.980660
vn -0.000000 -0.195718 -0.980660
vn  0.025546 -0.194044 -0.980660
vn  0.050656 -0.189049 -0.980660
vn  0.074898 -0.180820 -0.980660
vn  0.097859 -0.169497 -0.980660
vn  0.119146 -0.155274 -0.980660
vn  0.138394 -0.138394 -0.980660
vn  0.155274 -0.119146 -0.980660
vn  0.169497 -0.097859 -0.980660
vn  0.180820 -0.074898 -0.980660
vn  0.189049 -0.050656 -0.980660
vn  0.194044 -0.025546 -0.980660
vn  0.170331 -0.000000 -0.985387
vn  0.168874  0.022233 -0.985387
vn  0.164527  0.044085 -0.985387
vn  0.157366  0.065183 -0.985387
vn  0.147511  0.085166 -0.985387
vn  0.135133  0.103691 -0.985387
vn  0.120442  0.120442 -0.985387
vn  0.103691  0.135133 -0.985387
vn  0.085166  0.147511 -0.985387
vn  0.065183  0.157366 -0.985387
vn  0.044085  0.164527 -0.985387
vn  0.022233  0.168874 -0.985387
vn  0.000000  0.170331 -0.985387
vn -0.022233  0.168874 -0.985387
vn -0.044085  0.164527 -0.985387
vn -0.065183  0.157366 -0.985387
vn -0.085166  0.147511 -0.985387
vn -0.103691  0.135133 -0.985387
vn -0.120442  0.120442 -0.985387
vn -0.135133  0.103691 -0.985387
vn -0.147511  0.085166 -0.985387
vn -0.157366  0.065183 -0.985387
vn -0.164527  0.044085 -0.985387
vn -0.168874  0.022233 -0.985387
vn -0.170331  0.000000 -0.985387
vn -0.168874 -0.022233 -0.985387
vn -0.164527 -0.044085 -0.985387
vn -0.157366 -0.065183 -0.985387
vn -0.147511 -0.085166 -0.985387
vn -0.135133 -0.103691 -0.985387
vn -0.120442 -0.120442 -0.985387
vn -0.103691 -0.135133 -0.985387
vn -0.085166 -0.147511 -0.985387
vn -0.065183 -0.157366 -0.985387
vn -0.044085 -0.164527 -0.985387
vn -0.022233 -0.168874 -0.985387
vn -0.000000 -0.170331 -0.985387
vn  0.022233 -0.168874 -0.985387
vn  0.044085 -0.164527 -0.985387
vn  0.065183 -0.157366 -0.985387
vn  0.085166 -0.147511 -0.985387
vn  0.103691 -0.135133 -0.985387
vn  0.120442 -0.120442 -0.985387
vn  0.135133 -0.103691 -0.985387
vn  0.147511 -0.085166 -0.985387
vn  0.157366 -0.065183 -0.985387
vn  0.164527 -0.044085 -0.985387
vn  0.168874 -0.022233 -0.985387
vn  0.136232 -0.000000 -0.990677
vn  0.135067  0.017782 -0.990677
vn  0.131590  0.035260 -0.990677
vn  0.125862  0.052134 -0.990677
vn  0.117981  0.068116 -0.990677
vn  0.108080  0.082933 -0.990677
vn  0.096331  0.096331 -0.990677
vn  0.082933  0.108080 -0.990677
vn  0.068116  0.117981 -0.990677
vn  0.052134  0.125862 -0.990677
vn  0.035260  0.131590 -0.990677
vn  0.017782  0.135067 -0.990677
vn  0.000000  0.136232 -0.990677
vn -0.017782  0.135067 -0.990677
vn -0.035260  0.131590 -0.990677
vn -0.052134  0.125862 -0.990677
vn -0.068116  0.117981 -0.990677
vn -0.082933  0.108080 -0.990677
vn -0.096331  0.096331 -0.990677
vn -0.108080  0.082933 -0.990677
vn -0.117981  0.068116 -0.990677
vn -0.125862  0.052134 -0.990677
vn -0.131590  0.035260 -0.990677
vn -0.135067  0.017782 -0.990677
vn -0.136232  0.000000 -0.990677
vn -0.135067 -0.017782 -0.990677
vn -0.131590 -0.035260 -0.990677
vn -0.125862 -0.052134 -0.990677
vn -0.117981 -0.068116 -0.990677
vn -0.108080 -0.082933 -0.990677
vn -0.096331 -0.096331 -0.990677
vn -0.082933 -0.108080 -0.990677
vn -0.068116 -0.117981 -0.990677
vn -0.052134 -0.125862 -0.990677
vn -0.035260 -0.131590 -0.990677
vn -0.017782 -0.135067 -0.990677
vn -0.000000 -0.136232 -0.990677
vn  0.017782 -0.135067 -0.990677
vn  0.035260 -0.131590 -0.990677
vn  0.052134 -0.125862 -0.990677
vn  0.068116 -0.117981 -0.990677
vn  0.082933 -0.108080 -0.990677
vn  0.096331 -0.096331 -0.990677
vn  0.108080 -0.082933 -0.990677
vn  0.117981 -0.068116 -0.990677
vn  0.125862 -0.052134 -0.990677
vn  0.131590 -0.035260 -0.990677
vn  0.135067 -0.017782 -0.990677
vn  0.094864 -0.000000 -0.995490
vn  0.094052  0.012382 -0.995490
vn  0.091631  0.024552 -0.995490
vn  0.087642  0.036303 -0.995490
vn  0.082154  0.047432 -0.995490
vn  0.075260  0.057749 -0.995490
vn  0.067079  0.067079 -0.995490
vn  0.057749  0.075260 -0.995490
vn  0.047432  0.082154 -0.995490
vn  0.036303  0.087642 -0.995490
vn  0.024552  0.091631 -0.995490
vn  0.012382  0.094052 -0.995490
vn  0.000000  0.094864 -0.995490
vn -0.012382  0.094052 -0.995490
vn -0.024552  0.091631 -0.995490
vn -0.036303  0.087642 -0.995490
vn -0.047432  0.082154 -0.995490
vn -0.057749  0.075260 -0.995490
vn -0.067079  0.067079 -0.995490
vn -0.075260  0.057749 -0.995490
vn -0.082154  0.047432 -0.995490
vn -0.087642  0.036303 -0.995490
vn -0.091631  0.024552 -0.995490
vn -0.094052  0.012382 -0.995490
vn -0.094864  0.000000 -0.995490
vn -0.094052 -0.012382 -0.995490
vn -0.091631 -0.024552 -0.995490
vn -0.087642 -0.036303 -0.995490
vn -0.082154 -0.047432 -0.995490
vn -0.075260 -0.057749 -0.995490
vn -0.067079 -0.067079 -0.995490
vn -0.057749 -0.075260 -0.995490
vn -0.047432 -0.082154 -0.995490
vn -0.036303 -0.087642 -0.995490
vn -0.024552 -0.091631 -0.995490
vn -0.012382 -0.094052 -0.995490
vn -0.000000 -0.094864 -0.995490
vn  0.012382 -0.094052 -0.995490
vn  0.024552 -0.091631 -0.995490
vn  0.036303 -0.087642 -0.995490
vn  0.047432 -0.082154 -0.995490
vn  0.057749 -0.075260 -0.995490
vn  0.067079 -0.067079 -0.995490
vn  0.075260 -0.057749 -0.995490
vn  0.082154 -0.047432 -0.995490
vn  0.087642 -0.036303 -0.995490
vn  0.091631 -0.024552 -0.995490
vn  0.094052 -0.012382 -0.995490
vn  0.048237 -0.000000 -0.998836
vn  0.047824  0.006296 -0.998836
vn  0.046594  0.012485 -0.998836
vn  0.044565  0.018460 -0.998836
vn  0.041775  0.024119 -0.998836
vn  0.038269  0.029365 -0.998836
vn  0.034109  0.034109 -0.998836
vn  0.029365  0.038269 -0.998836
vn  0.024119  0.041775 -0.998836
vn  0.018460  0.044565 -0.998836
vn  0.012485  0.046594 -0.998836
vn  0.006296  0.047824 -0.998836
vn  0.000000  0.048237 -0.998836
vn -0.006296  0.047824 -0.998836
vn -0.012485  0.046594 -0.998836
vn -0.018460  0.044565 -0.998836
vn -0.024119  0.041775 -0.998836
vn -0.029365  0.038269 -0.998836
vn -0.034109  0.034109 -0.998836
vn -0.038269  0.029365 -0.998836
vn -0.041775  0.024119 -0.998836
vn -0.044565  0.018460 -0.998836
vn -0.046594  0.012485 -0.998836
vn -0.047824  0.006296 -0.998836
vn -0.048237  0.000000 -0.998836
vn -0.047824 -0.006296 -0.998836
vn -0.046594 -0.012485 -0.998836
vn -0.044565 -0.018460 -0.998836
vn -0.041775 -0.024119 -0.998836
vn -0.038269 -0.029365 -0.998836
vn -0.034109 -0.034109 -0.998836
vn -0.029365 -0.038269 -0.998836
vn -0.024119 -0.041775 -0.998836
vn -0.018460 -0.044565 -0.998836
vn -0.012485 -0.046594 -0.998836
vn -0.006296 -0.047824 -0.998836
vn -0.000000 -0.048237 -0.998836
vn  0.006296 -0.047824 -0.998836
vn  0.012485 -0.046594 -0.998836
vn  0.018460 -0.044565 -0.998836
vn  0.024119 -0.041775 -0.998836
vn  0.029365 -0.038269 -0.998836
vn  0.034109 -0.034109 -0.998836
vn  0.038269 -0.029365 -0.998836
vn  0.041775 -0.024119 -0.998836
vn  0.044565 -0.018460 -0.998836
vn  0.046594 -0.012485 -0.998836
vn  0.047824 -0.006296 -0.998836
vn -0.001140  0.000000 -0.999999
vn -0.001130 -0.000149 -0.999999
vn -0.001101 -0.000295 -0.999999
vn -0.001053 -0.000436 -0.999999
vn -0.000987 -0.000570 -0.999999
vn -0.000904 -0.000694 -0.999999
vn -0.000806 -0.000806 -0.999999
vn -0.000694 -0.000904 -0.999999
vn -0.000570 -0.000987 -0.999999
vn -0.000436 -0.001053 -0.999999
vn -0.000295 -0.001101 -0.999999
vn -0.000149 -0.001130 -0.999999
vn  0.000000 -0.001140 -0.999999
vn  0.000149 -0.001130 -0.999999
vn  0.000295 -0.001101 -0.999999
vn  0.000436 -0.001053 -0.999999
vn  0.000570 -0.000987 -0.999999
vn  0.000694 -0.000904 -0.999999
vn  0.000806 -0.000806 -0.999999
vn  0.000904 -0.000694 -0.999999
vn  0.000987 -0.000570 -0.999999
vn  0.001053 -0.000436 -0.999999
vn  0.001101 -0.000295 -0.999999
vn  0.001130 -0.000149 -0.999999
vn  0.001140  0.000000 -0.999999
vn  0.001130  0.000149 -0.999999
vn  0.001101  0.000295 -0.999999
vn  0.001053  0.000436 -0.999999
vn  0.000987  0.000570 -0.999999
vn  0.000904  0.000694 -0.999999
vn  0.000806  0.000806 -0.999999
vn  0.000694  0.000904 -0.999999
vn  0.000570  0.000987 -0.999999
vn  0.000436  0.001053 -0.999999
vn  0.000295  0.001101 -0.999999
vn  0.000149  0.001130 -0.999999
vn  0.000000  0.001140 -0.999999
vn -0.000149  0.001130 -0.999999
vn -0.000295  0.001101 -0.999999
vn -0.000436  0.001053 -0.999999
vn -0.000570  0.000987 -0.999999
vn -0.000694  0.000904 -0.999999
vn -0.000806  0.000806 -0.999999
vn -0.000904  0.000694 -0.999999
vn -0.000987  0.000570 -0.999999
vn -0.001053  0.000436 -0.999999
vn -0.001101  0.000295 -0.999999
vn -0.001130  0.000149 -0.999999
vn -0.050470  0.000000 -0.998726
vn -0.050038 -0.006588 -0.998726
vn -0.048750 -0.013063 -0.998726
vn -0.046628 -0.019314 -0.998726
vn -0.043708 -0.025235 -0.998726
vn -0.040040 -0.030724 -0.998726
vn -0.035687 -0.035687 -0.998726
vn -0.030724 -0.040040 -0.998726
vn -0.025235 -0.043708 -0.998726
vn -0.019314 -0.046628 -0.998726
vn -0.013063 -0.048750 -0.998726
vn -0.006588 -0.050038 -0.998726
vn -0.000000 -0.050470 -0.998726
vn  0.006588 -0.050038 -0.998726
vn  0.013063 -0.048750 -0.998726
vn  0.019314 -0.046628 -0.998726
vn  0.025235 -0.043708 -0.998726
vn  0.030724 -0.040040 -0.998726
vn  0.035687 -0.035687 -0.998726
vn  0.040040 -0.030724 -0.998726
vn  0.043708 -0.025235 -0.998726
vn  0.046628 -0.019314 -0.998726
vn  0.048750 -0.013063 -0.998726
vn  0.050038 -0.006588 -0.998726
vn  0.050470 -0.000000 -0.998726
vn  0.050038  0.006588 -0.998726
vn  0.048750  0.013063 -0.998726
vn  0.046628  0.019314 -0.998726
vn  0.043708  0.025235 -0.998726
vn  0.040040  0.030724 -0.998726
vn  0.035687  0.035687 -0.998726
vn  0.030724  0.040040 -0.998726
vn  0.025235  0.043708 -0.998726
vn  0.019314  0.046628 -0.998726
vn  0.013063  0.048750 -0.998726
vn  0.006588  0.050038 -0.998726
vn  0.000000  0.050470 -0.998726
vn -0.006588  0.050038 -0.998726
vn -0.013063  0.048750 -0.998726
vn -0.019314  0.046628 -0.998726
vn -0.025235  0.043708 -0.998726
vn -0.030724  0.040040 -0.998726
vn -0.035687  0.035687 -0.998726
vn -0.040040  0.030724 -0.998726
vn -0.043708  0.025235 -0.998726
vn -0.046628  0.019314 -0.998726
vn -0.048750  0.013063 -0.998726
vn -0.050038  0.006588 -0.998726
vn -0.096958  0.000000 -0.995288
vn -0.096129 -0.012656 -0.995288
vn -0.093654 -0.025095 -0.995288
vn -0.089578 -0.037104 -0.995288
vn -0.083968 -0.048479 -0.995288
vn -0.076922 -0.059024 -0.995288
vn -0.068560 -0.068560 -0.995288
vn -0.059024 -0.076922 -0.995288
vn -0.048479 -0.083968 -0.995288
vn -0.037104 -0.089578 -0.995288
vn -0.025095 -0.093654 -0.995288
vn -0.012656 -0.096129 -0.995288
vn -0.000000 -0.096958 -0.995288
vn  0.012656 -0.096129 -0.995288
vn  0.025095 -0.093654 -0.995288
vn  0.037104 -0.089578 -0.995288
vn  0.048479 -0.083968 -0.995288
vn  0.059024 -0.076922 -0.995288
vn  0.068560 -0.068560 -0.995288
vn  0.076922 -0.059024 -0.995288
vn  0.083968 -0.048479 -0.995288
vn  0.089578 -0.037104 -0.995288
vn  0.093654 -0.025095 -0.995288
vn  0.096129 -0.012656 -0.995288
vn  0.096958 -0.000000 -0.995288
vn  0.096129  0.012656 -0.995288
vn  0.093654  0.025095 -0.995288
vn  0.089578  0.037104 -0.995288
vn  0.083968  0.048479 -0.995288
vn  0.076922  0.059024 -0.995288
vn  0.068560  0.068560 -0.995288
vn  0.059024  0.076922 -0.995288
vn  0.048479  0.083968 -0.995288
vn  0.037104  0.089578 -0.995288
vn  0.025095  0.093654 -0.995288
vn  0.012656  0.096129 -0.995288
vn  0.000000  0.096958 -0.995288
vn -0.012656  0.096129 -0.995288
vn -0.025095  0.093654 -0.995288
vn -0.037104  0.089578 -0.995288
vn -0.048479  0.083968 -0.995288
vn -0.059024  0.076922 -0.995288
vn -0.068560  0.068560 -0.995288
vn -0.076922  0.059024 -0.995288
vn -0.083968  0.048479 -0.995288
vn -0.089578  0.037104 -0.995288
vn -0.093654  0.025095 -0.995288
vn -0.096129  0.012656 -0.995288
vn -0.138103  0.000000 -0.990418
vn -0.136922 -0.018026 -0.990418
vn -0.133398 -0.035744 -0.990418
vn -0.127591 -0.052850 -0.990418
vn -0.119601 -0.069052 -0.990418
vn -0.109565 -0.084072 -0.990418
vn -0.097654 -0.097654 -0.990418
vn -0.084072 -0.109565 -0.990418
vn -0.069052 -0.119601 -0.990418
vn -0.052850 -0.127591 -0.990418
vn -0.035744 -0.133398 -0.990418
vn -0.018026 -0.136922 -0.990418
vn -0.000000 -0.138103 -0.990418
vn  0.018026 -0.136922 -0.990418
vn  0.035744 -0.133398 -0.990418
vn  0.052850 -0.127591 -0.990418
vn  0.069052 -0.119601 -0.990418
vn  0.084072 -0.109565 -0.990418
vn  0.097654 -0.097654 -0.990418
vn  0.109565 -0.084072 -0.990418
vn  0.119601 -0.069052 -0.990418
vn  0.127591 -0.052850 -0.990418
vn  0.133398 -0.035744 -0.990418
vn  0.136922 -0.018026 -0.990418
vn  0.138103 -0.000000 -0.990418
vn  0.136922  0.018026 -0.990418
vn  0.133398  0.035744 -0.990418
vn  0.127591  0.052850 -0.990418
vn  0.119601  0.069052 -0.990418
vn  0.109565  0.084072 -0.990418
vn  0.097654  0.097654 -0.990418
vn  0.084072  0.109565 -0.990418
vn  0.069052  0.119601 -0.990418
vn  0.052850  0.127591 -0.990418
vn  0.035744  0.133398 -0.990418
vn  0.018026  0.136922 -0.990418
vn  0.000000  0.138103 -0.990418
vn -0.018026  0.136922 -0.990418
vn -0.035744  0.133398 -0.990418
vn -0.052850  0.127591 -0.990418
vn -0.069052  0.119601 -0.990418
vn -0.084072  0.109565 -0.990418
vn -0.097654  0.097654 -0.990418
vn -0.109565  0.084072 -0.990418
vn -0.119601  0.069052 -0.990418
vn -0.127591  0.052850 -0.990418
vn -0.133398  0.035744 -0.990418
vn -0.136922  0.018026 -0.990418
vn -0.171898  0.000000 -0.985115
vn -0.170427 -0.022437 -0.985115
vn -0.166040 -0.044490 -0.985115
vn -0.158813 -0.065782 -0.985115
vn -0.148868 -0.085949 -0.985115
vn -0.136376 -0.104645 -0.985115
vn -0.121550 -0.121550 -0.985115
vn -0.104645 -0.136376 -0.985115
vn -0.085949 -0.148868 -0.985115
vn -0.065782 -0.158813 -0.985115
vn -0.044490 -0.166040 -0.985115
vn -0.022437 -0.170427 -0.985115
vn -0.000000 -0.171898 -0.985115
vn  0.022437 -0.170427 -0.985115
vn  0.044490 -0.166040 -0.985115
vn  0.065782 -0.158813 -0.985115
vn  0.085949 -0.148868 -0.985115
vn  0.104645 -0.136376 -0.985115
vn  0.121550 -0.121550 -0.985115
vn  0.136376 -0.104645 -0.985115
vn  0.148868 -0.085949 -0.985115
vn  0.158813 -0.065782 -0.985115
vn  0.166040 -0.044490 -0.985115
vn  0.170427 -0.022437 -0.985115
vn  0.171898 -0.000000 -0.985115
vn  0.170427  0.022437 -0.985115
vn  0.166040  0.044490 -0.985115
vn  0.158813  0.065782 -0.985115
vn  0.148868  0.085949 -0.985115
vn  0.136376  0.104645 -0.985115
vn  0.121550  0.121550 -0.985115
vn  0.104645  0.136376 -0.985115
vn  0.085949  0.148868 -0.985115
vn  0.065782  0.158813 -0.985115
vn  0.044490  0.166040 -0.985115
vn  0.022437  0.170427 -0.985115
vn  0.000000  0.171898 -0.985115
vn -0.022437  0.170427 -0.985115
vn -0.044490  0.166040 -0.985115
vn -0.065782  0.158813 -0.985115
vn -0.085949  0.148868 -0.985115
vn -0.104645  0.136376 -0.985115
vn -0.121550  0.121550 -0.985115
vn -0.136376  0.104645 -0.985115
vn -0.148868  0.085949 -0.985115
vn -0.158813  0.065782 -0.985115
vn -0.166040  0.044490 -0.985115
vn -0.170427  0.022437 -0.985115
vn -0.196893  0.000000 -0.980425
vn -0.195209 -0.025700 -0.980425
vn -0.190184 -0.050960 -0.980425
vn -0.181906 -0.075348 -0.980425
vn -0.170515 -0.098447 -0.980425
vn -0.156206 -0.119861 -0.980425
vn -0.139225 -0.139225 -0.980425
vn -0.119861 -0.156206 -0.980425
vn -0.098447 -0.170515 -0.980425
vn -0.075348 -0.181906 -0.980425
vn -0.050960 -0.190184 -0.980425
vn -0.025700 -0.195209 -0.980425
vn -0.000000 -0.196893 -0.980425
vn  0.025700 -0.195209 -0.980425
vn  0.050960 -0.190184 -0.980425
vn  0.075348 -0.181906 -0.980425
vn  0.098447 -0.170515 -0.980425
vn  0.119861 -0.156206 -0.980425
vn  0.139225 -0.139225 -0.980425
vn  0.156206 -0.119861 -0.980425
vn  0.170515 -0.098447 -0.980425
vn  0.181906 -0.075348 -0.980425
vn  0.190184 -0.050960 -0.980425
vn  0.195209 -0.025700 -0.980425
vn  0.196893 -0.000000 -0.980425
vn  0.195209  0.025700 -0.980425
vn  0.190184  0.050960 -0.980425
vn  0.181906  0.075348 -0.980425
vn  0.170515  0.098447 -0.980425
vn  0.156206  0.119861 -0.980425
vn  0.139225  0.139225 -0.980425
vn  0.119861  0.156206 -0.980425
vn  0.098447  0.170515 -0.980425
vn  0.075348  0.181906 -0.980425
vn  0.050960  0.190184 -0.980425
vn  0.025700  0.195209 -0.980425
vn  0.000000  0.196893 -0.980425
vn -0.025700  0.195209 -0.980425
vn -0.050960  0.190184 -0.980425
vn -0.075348  0.181906 -0.980425
vn -0.098447  0.170515 -0.980425
vn -0.119861  0.156206 -0.980425
vn -0.139225  0.139225 -0.980425
vn -0.156206  0.119861 -0.980425
vn -0.170515  0.098447 -0.980425
vn -0.181906  0.075348 -0.980425
vn -0.190184  0.050960 -0.980425
vn -0.195209  0.025700 -0.980425
vn -0.212163  0.000000 -0.977234
vn -0.210348 -0.027693 -0.977234
vn -0.204934 -0.054912 -0.977234
vn -0.196013 -0.081191 -0.977234
vn -0.183739 -0.106082 -0.977234
vn -0.168321 -0.129157 -0.977234
vn -0.150022 -0.150022 -0.977234
vn -0.129157 -0.168321 -0.977234
vn -0.106082 -0.183739 -0.977234
vn -0.081191 -0.196013 -0.977234
vn -0.054912 -0.204934 -0.977234
vn -0.027693 -0.210348 -0.977234
vn -0.000000 -0.212163 -0.977234
vn  0.027693 -0.210348 -0.977234
vn  0.054912 -0.204934 -0.977234
vn  0.081191 -0.196013 -0.977234
vn  0.106082 -0.183739 -0.977234
vn  0.129157 -0.168321 -0.977234
vn  0.150022 -0.150022 -0.977234
vn  0.168321 -0.129157 -0.977234
vn  0.183739 -0.106082 -0.977234
vn  0.196013 -0.081191 -0.977234
vn  0.204934 -0.054912 -0.977234
vn  0.210348 -0.027693 -0.977234
vn  0.212163 -0.000000 -0.977234
vn  0.210348  0.027693 -0.977234
vn  0.204934  0.054912 -0.977234
vn  0.196013  0.081191 -0.977234
vn  0.183739  0.106082 -0.977234
vn  0.168321  0.129157 -0.977234
vn  0.150022  0.150022 -0.977234
vn  0.129157  0.168321 -0.977234
vn  0.106082  0.183739 -0.977234
vn  0.081191  0.196013 -0.977234
vn  0.054912  0.204934 -0.977234
vn  0.027693  0.210348 -0.977234
vn  0.000000  0.212163 -0.977234
vn -0.027693  0.210348 -0.977234
vn -0.054912  0.204934 -0.977234
vn -0.081191  0.196013 -0.977234
vn -0.106082  0.183739 -0.977234
vn -0.129157  0.168321 -0.977234
vn -0.150022  0.150022 -0.977234
vn -0.168321  0.129157 -0.977234
vn -0.183739  0.106082 -0.977234
vn -0.196013  0.081191 -0.977234
vn -0.204934  0.054912 -0.977234
vn -0.210348  0.027693 -0.977234
vn  0.197729 -0.000000 -0.980257
vn  0.196037  0.025809 -0.980257
vn  0.190992  0.051176 -0.980257
vn  0.182678  0.075668 -0.980257
vn  0.171238  0.098865 -0.980257
vn  0.156869  0.120370 -0.980257
vn  0.139816  0.139816 -0.980257
vn  0.120370  0.156869 -0.980257
vn  0.098865  0.171238 -0.980257
vn  0.075668  0.182678 -0.980257
vn  0.051176  0.190992 -0.980257
vn  0.025809  0.196037 -0.980257
vn  0.000000  0.197729 -0.980257
vn -0.025809  0.196037 -0.980257
vn -0.051176  0.190992 -0.980257
vn -0.075668  0.182678 -0.980257
vn -0.098865  0.171238 -0.980257
vn -0.120370  0.156869 -0.980257
vn -0.139816  0.139816 -0.980257
vn -0.156869  0.120370 -0.980257
vn -0.171238  0.098865 -0.980257
vn -0.182678  0.075668 -0.980257
vn -0.190992  0.051176 -0.980257
vn -0.196037  0.025809 -0.980257
vn -0.197729  0.000000 -0.980257
vn -0.196037 -0.025809 -0.980257
vn -0.190992 -0.051176 -0.980257
vn -0.182678 -0.075668 -0.980257
vn -0.171238 -0.098865 -0.980257
vn -0.156869 -0.120370 -0.980257
vn -0.139816 -0.139816 -0.980257
vn -0.120370 -0.156869 -0.980257
vn -0.098865 -0.171238 -0.980257
vn -0.075668 -0.182678 -0.980257
vn -0.051176 -0.190992 -0.980257
vn -0.025809 -0.196037 -0.980257
vn -0.000000 -0.197729 -0.980257
vn  0.025809 -0.196037 -0.980257
vn  0.051176 -0.190992 -0.980257
vn  0.075668 -0.182678 -0.980257
vn  0.098865 -0.171238 -0.980257
vn  0.120370 -0.156869 -0.980257
vn  0.139816 -0.139816 -0.980257
vn  0.156869 -0.120370 -0.980257
vn  0.171238 -0.098865 -0.980257
vn  0.182678 -0.075668 -0.980257
vn  0.190992 -0.051176 -0.980257
vn  0.196037 -0.025809 -0.980257
vn  0.234641 -0.000000 -0.972082
vn  0.232633  0.030627 -0.972082
vn  0.226645  0.060729 -0.972082
vn  0.216780  0.089793 -0.972082
vn  0.203205  0.117320 -0.972082
vn  0.186153  0.142840 -0.972082
vn  0.165916  0.165916 -0.972082
vn  0.142840  0.186153 -0.972082
vn  0.117320  0.203205 -0.972082
vn  0.089793  0.216780 -0.972082
vn  0.060729  0.226645 -0.972082
vn  0.030627  0.232633 -0.972082
vn  0.000000  0.234641 -0.972082
vn -0.030627  0.232633 -0.972082
vn -0.060729  0.226645 -0.972082
vn -0.089793  0.216780 -0.972082
vn -0.117320  0.203205 -0.972082
vn -0.142840  0.186153 -0.972082
vn -0.165916  0.165916 -0.972082
vn -0.186153  0.142840 -0.972082
vn -0.203205  0.117320 -0.972082
vn -0.216780  0.089793 -0.972082
vn -0.226645  0.060729 -0.972082
vn -0.232633  0.030627 -0.972082
vn -0.234641  0.000000 -0.972082
vn -0.232633 -0.030627 -0.972082
vn -0.226645 -0.060729 -0.972082
vn -0.216780 -0.089793 -0.972082
vn -0.203205 -0.117320 -0.972082
vn -0.186153 -0.142840 -0.972082
vn -0.165916 -0.165916 -0.972082
vn -0.142840 -0.186153 -0.972082
vn -0.117320 -0.203205 -0.972082
vn -0.089793 -0.216780 -0.972082
vn -0.060729 -0.226645 -0.972082
vn -0.030627 -0.232633 -0.972082
vn -0.000000 -0.234641 -0.972082
vn  0.030627 -0.232633 -0.972082
vn  0.060729 -0.226645 -0.972082
vn  0.089793 -0.216780 -0.972082
vn  0.117320 -0.203205 -0.972082
vn  0.142840 -0.186153 -0.972082
vn  0.165916 -0.165916 -0.972082
vn  0.186153 -0.142840 -0.972082
vn  0.203205 -0.117320 -0.972082
vn  0.216780 -0.089793 -0.972082
vn  0.226645 -0.060729 -0.972082
vn  0.232633 -0.030627 -0.972082
vn  0.458643 -0.000000 -0.888621
vn  0.454719  0.059865 -0.888621
vn  0.443015  0.118706 -0.888621
vn  0.423731  0.175515 -0.888621
vn  0.397196  0.229321 -0.888621
vn  0.363866  0.279204 -0.888621
vn  0.324310  0.324310 -0.888621
vn  0.279204  0.363866 -0.888621
vn  0.229321  0.397196 -0.888621
vn  0.175515  0.423731 -0.888621
vn  0.118706  0.443015 -0.888621
vn  0.059865  0.454719 -0.888621
vn  0.000000  0.458643 -0.888621
vn -0.059865  0.454719 -0.888621
vn -0.118706  0.443015 -0.888621
vn -0.175515  0.423731 -0.888621
vn -0.229321  0.397196 -0.888621
vn -0.279204  0.363866 -0.888621
vn -0.324310  0.324310 -0.888621
vn -0.363866  0.279204 -0.888621
vn -0.397196  0.229321 -0.888621
vn -0.423731  0.175515 -0.888621
vn -0.443015  0.118706 -0.888621
vn -0.454719  0.059865 -0.888621
vn -0.458643  0.000000 -0.888621
vn -0.454719 -0.059865 -0.888621
vn -0.443015 -0.118706 -0.888621
vn -0.423731 -0.175515 -0.888621
vn -0.397196 -0.229321 -0.888621
vn -0.363866 -0.279204 -0.888621
vn -0.324310 -0.324310 -0.888621
vn -0.279204 -0.363866 -0.888621
vn -0.229321 -0.397196 -0.888621
vn -0.175515 -0.423731 -0.888621
vn -0.118706 -0.443015 -0.888621
vn -0.059865 -0.454719 -0.888621
vn -0.000000 -0.458643 -0.888621
vn  0.059865 -0.454719 -0.888621
vn  0.118706 -0.443015 -0.888621
vn  0.175515 -0.423731 -0.888621
vn  0.229321 -0.397196 -0.888621
vn  0.279204 -0.363866 -0.888621
vn  0.324310 -0.324310 -0.888621
vn  0.363866 -0.279204 -0.888621
vn  0.397196 -0.229321 -0.888621
vn  0.423731 -0.175515 -0.888621
vn  0.443015 -0.118706 -0.888621
vn  0.454719 -0.059865 -0.888621
vn  0.930821 -0.000000 -0.365476
vn  0.922858  0.121497 -0.365476
vn  0.899104  0.240914 -0.365476
vn  0.859966  0.356210 -0.365476
vn  0.806115  0.465410 -0.365476
vn  0.738470  0.566648 -0.365476
vn  0.658190  0.658190 -0.365476
vn  0.566648  0.738470 -0.365476
vn  0.465410  0.806115 -0.365476
vn  0.356210  0.859966 -0.365476
vn  0.240914  0.899104 -0.365476
vn  0.121497  0.922858 -0.365476
vn  0.000000  0.930821 -0.365476
vn -0.121497  0.922858 -0.365476
vn -0.240914  0.899104 -0.365476
vn -0.356210  0.859966 -0.365476
vn -0.465410  0.806115 -0.365476
vn -0.566648  0.738470 -0.365476
vn -0.658190  0.658190 -0.365476
vn -0.738470  0.566648 -0.365476
vn -0.806115  0.465410 -0.365476
vn -0.859966  0.356210 -0.365476
vn -0.899104  0.240914 -0.365476
vn -0.922858  0.121497 -0.365476
vn -0.930821  0.000000 -0.365476
vn -0.922858 -0.121497 -0.365476
vn -0.899104 -0.240914 -0.365476
vn -0.859966 -0.356210 -0.365476
vn -0.806115 -0.465410 -0.365476
vn -0.738470 -0.566648 -0.365476
vn -0.658190 -0.658190 -0.365476
vn -0.566648 -0.738470 -0.365476
vn -0.465410 -0.806115 -0.365476
vn -0.356210 -0.859966 -0.365476
vn -0.240914 -0.899104 -0.365476
vn -0.121497 -0.922858 -0.365476
vn -0.000000 -0.930821 -0.365476
vn  0.121497 -0.922858 -0.365476
vn  0.240914 -0.899104 -0.365476
vn  0.356210 -0.859966 -0.365476
vn  0.465410 -0.806115 -0.365476
vn  0.566648 -0.738470 -0.365476
vn  0.658190 -0.658190 -0.365476
vn  0.738470 -0.566648 -0.365476
vn  0.806115 -0.465410 -0.365476
vn  0.859966 -0.356210 -0.365476
vn  0.899104 -0.240914 -0.365476
vn  0.922858 -0.121497 -0.365476
vn  0.930821 -0.000000  0.365476
vn  0.922858  0.121497  0.365476
vn  0.899104  0.240914  0.365476
vn  0.859966  0.356210  0.365476
vn  0.806115  0.465410  0.365476
vn  0.738470  0.566648  0.365476
vn  0.658190  0.658190  0.365476
vn  0.566648  0.738470  0.365476
vn  0.465410  0.806115  0.365476
vn  0.356210  0.859966  0.365476
vn  0.240914  0.899104  0.365476
vn  0.121497  0.922858  0.365476
vn  0.000000  0.930821  0.365476
vn -0.121497  0.922858  0.365476
vn -0.240914  0.899104  0.365476
vn -0.356210  0.859966  0.365476
vn -0.465410  0.806115  0.365476
vn -0.566648  0.738470  0.365476
vn -0.658190  0.658190  0.365476
vn -0.738470  0.566648  0.365476
vn -0.806115  0.465410  0.365476
vn -0.859966  0.356210  0.365476
vn -0.899104  0.240914  0.365476
vn -0.922858  0.121497  0.365476
vn -0.930821  0.000000  0.365476
vn -0.922858 -0.121497  0.365476
vn -0.899104 -0.240914  0.365476
vn -0.859966 -0.356210  0.365476
vn -0.806115 -0.465410  0.365476
vn -0.738470 -0.566648  0.365476
vn -0.658190 -0.658190  0.365476
vn -0.566648 -0.738470  0.365476
vn -0.465410 -0.806115  0.365476
vn -0.356210 -0.859966  0.365476
vn -0.240914 -0.899104  0.365476
vn -0.121497 -0.922858  0.365476
vn -0.000000 -0.930821  0.365476
vn  0.121497 -0.922858  0.365476
vn  0.240914 -0.899104  0.365476
vn  0.356210 -0.859966  0.365476
vn  0.465410 -0.806115  0.365476
vn  0.566648 -0.738470  0.365476
vn  0.658190 -0.658190  0.365476
vn  0.738470 -0.566648  0.365476
vn  0.806115 -0.465410  0.365476
vn  0.859966 -0.356210  0.365476
vn  0.899104 -0.240914  0.365476
vn  0.922858 -0.121497  0.365476
vn  0.335010 -0.000000  0.942215
vn  0.332144  0.043728  0.942215
vn  0.323594  0.086707  0.942215
vn  0.309509  0.128203  0.942215
vn  0.290127  0.167505  0.942215
vn  0.265781  0.203941  0.942215
vn  0.236888  0.236888  0.942215
vn  0.203941  0.265781  0.942215
vn  0.167505  0.290127  0.942215
vn  0.128203  0.309509  0.942215
vn  0.086707  0.323594  0.942215
vn  0.043728  0.332144  0.942215
vn  0.000000  0.335010  0.942215
vn -0.043728  0.332144  0.942215
vn -0.086707  0.323594  0.942215
vn -0.128203  0.309509  0.942215
vn -0.167505  0.290127  0.942215
vn -0.203941  0.265781  0.942215
vn -0.236888  0.236888  0.942215
vn -0.265781  0.203941  0.942215
vn -0.290127  0.167505  0.942215
vn -0.309509  0.128203  0.942215
vn -0.323594  0.086707  0.942215
vn -0.332144  0.043728  0.942215
vn -0.335010  0.000000  0.942215
vn -0.332144 -0.043728  0.942215
vn -0.323594 -0.086707  0.942215
vn -0.309509 -0.128203  0.942215
vn -0.290127 -0.167505  0.942215
vn -0.265781 -0.203941  0.942215
vn -0.236888 -0.236888  0.942215
vn -0.203941 -0.265781  0.942215
vn -0.167505 -0.290127  0.942215
vn -0.128203 -0.309509  0.942215
vn -0.086707 -0.323594  0.942215
vn -0.043728 -0.332144  0.942215
vn -0.000000 -0.335010  0.942215
vn  0.043728 -0.332144  0.942215
vn  0.086707 -0.323594  0.942215
vn  0.128203 -0.309509  0.942215
vn  0.167505 -0.290127  0.942215
vn  0.203941 -0.265781  0.942215
vn  0.236888 -0.236888  0.942215
vn  0.265781 -0.203941  0.942215
vn  0.290127 -0.167505  0.942215
vn  0.309509 -0.128203  0.942215
vn  0.323594 -0.086707  0.942215
vn  0.332144 -0.043728  0.942215
vn  0.000000  0.000000  1.000000
vn  0.000000  0.000000  1.000000
vn  0.000000  0.000000  1.000000
vn  0.000000  0.000000  1.000000
vn  0.000000  0.000000  1.000000
vn  0.000000  0.000000  1.000000
vn  0.000000  0.000000  1.000000
vn  0.000000  0.000000  1.000000
vn  0.000000  0.000000  1.000000
vn  0.000000  0.000000  1.000000
vn  0.000000  0.000000  1.000000
vn  0.000000  0.000000  1.000000
vn  0.000000  0.000000  1.000000
vn  0.000000  0.000000  1.000000
vn  0.000000  0.000000  1.000000
vn  0.000000  0.000000  1.000000
vn  0.000000  0.000000  1.000000
vn  0.000000  0.000000  1.000000
vn  0.000000  0.000000  1.000000
vn  0.000000  0.000000  1.000000
vn  0.000000  0.000000  1.000000
vn  0.000000  0.000000  1.000000
vn  0.000000  0.000000  1.000000
vn  0.000000  0.000000  1.000000
vn  0.000000  0.000000  1.000000
vn  0.000000  0.000000  1.000000
vn  0.000000  0.000000  1.000000
vn  0.000000  0.000000  1.000000
vn  0.000000  0.000000  1.000000
vn  0.000000  0.000000  1.000000
vn  0.000000  0.000000  1.000000
vn  0.000000  0.000000  1.000000
vn  0.000000  0.000000  1.000000
vn  0.000000  0.000000  1.000000
vn  0.000000  0.000000  1.000000
vn  0.000000  0.000000  1.000000
vn  0.000000  0.000000  1.000000
vn  0.000000  0.000000  1.000000
vn  0.000000  0.000000  1.000000
vn  0.000000  0.000000  1.000000
vn  0.000000  0.000000  1.000000
vn  0.000000  0.000000  1.000000
vn  0.000000  0.000000  1.000000
vn  0.000000  0.000000  1.000000
vn  0.000000  0.000000  1.000000
vn  0.000000  0.000000  1.000000
vn  0.000000  0.000000  1.000000
vn  0.000000  0.000000  1.000000
vn  0.000000  0.000000 -1.000000

f 1//1 2//2 3//3
f 1//1 3//3 4//4
f 1//1 4//4 5//5
f 1//1 5//5 6//6
f 1//1 6//6 7//7
f 1//1 7//7 8//8
f 1//1 8//8 9//9
f 1//1 9//9 10//10
f 1//1 10//10 11//11
f 1//1 11//11 12//12
f 1//1 12//12 13//13
f 1//1 13//13 14//14
f 1//1 14//14 15//15
f 1//1 15//15 16//16
f 1//1 16//16 17//17
f 1//1 17//17 18//18
f 1//1 18//18 19//19
f 1//1 19//19 20//20
f 1//1 20//20 21//21
f 1//1 21//21 22//22
f 1//1 22//22 23//23
f 1//1 23//23 24//24
f 1//1 24//24 25//25
f 1//1 25//25 26//26
f 1//1 26//26 27//27
f 1//1 27//27 28//28
f 1//1 28//28 29//29
f 1//1 29//29 30//30
f 1//1 30//30 31//31
f 1//1 31//31 32//32
f 1//1 32//32 33//33
f 1//1 33//33 34//34
f 1//1 34//34 35//35
f 1//1 35//35 36//36
f 1//1 36//36 37//37
f 1//1 37//37 38//38
f 1//1 38//38 39//39
f 1//1 39//39 40//40
f 1//1 40//40 41//41
f 1//1 41//41 42//42
f 1//1 42//42 43//43
f 1//1 43//43 44//44
f 1//1 44//44 45//45
f 1//1 45//45 46//46
f 1//1 46//46 47//47
f 1//1 47//47 48//48
f 1//1 48//48 49//49
f 1//1 49//49 2//2
f 50//50 51//51 52//52
f 50//50 52//52 53//53
f 50//50 53//53 54//54
f 50//50 54//54 55//55
f 50//50 55//55 56//56
f 50//50 56//56 57//57
f 50//50 57//57 58//58
f 50//50 58//58 59//59
f 50//50 59//59 60//60
f 50//50 60//60 61//61
f 50//50 61//61 62//62
f 50//50 62//62 63//63
f 50//50 63//63 64//64
f 50//50 64//64 65//65
f 50//50 65//65 66//66
f 50//50 66//66 67//67
f 50//50 67//67 68//68
f 50//50 68//68 69//69
f 50//50 69//69 70//70
f 50//50 70//70 71//71
f 50//50 71//71 72//72
f 50//50 72//72 73//73
f 50//50 73//73 74//74
f 50//50 74//74 75//75
f 50//50 75//75 76//76
f 50//50 76//76 77//77
f 50//50 77//77 78//78
f 50//50 78//78 79//79
f 50//50 79//79 80//80
f 50//50 80//80 81//81
f 50//50 81//81 82//82
f 50//50 82//82 83//83
f 50//50 83//83 84//84
f 50//50 84//84 85//85
f 50//50 85//85 86//86
f 50//50 86//86 87//87
f 50//50 87//87 88//88
f 50//50 88//88 89//89
f 50//50 89//89 90//90
f 50//50 90//90 91//91
f 50//50 91//91 92//92
f 50//50 92//92 93//93
f 50//50 93//93 94//94
f 50//50 94//94 95//95
f 50//50 95//95 96//96
f 50//50 96//96 97//97
f 50//50 97//97 98//98
f 50//50 98//98 51//51
f 99//99 100//100 148//148
f 99//99 148//148 147//147
f 100//100 101//101 149//149
f 100//100 149//149 148//148
f 101//101 102//102 150//150
f 101//101 150//150 149//149
f 102//102 103//103 151//151
f 102//102 151//151 150//150
f 103//103 104//104 152//152
f 103//103 152//152 151//151
f 104//104 105//105 153//153
f 104//104 153//153 152//152
f 105//105 106//106 154//154
f 105//105 154//154 153//153
f 106//106 107//107 155//155
f 106//106 155//155 154//154
f 107//107 108//108 156//156
f 107//107 156//156 155//155
f 108//108 109//109 157//157
f 108//108 157//157 156//156
f 109//109 110//110 158//158
f 109//109 158//158 157//157
f 110//110 111//111 159//159
f 110//110 159//159 158//158
f 111//111 112//112 160//160
f 111//111 160//160 159//159
f 112//112 113//113 161//161
f 112//112 161//161 160//160
f 113//113 114//114 162//162
f 113//113 162//162 161//161
f 114//114 115//115 163//163
f 114//114 163//163 162//162
f 115//115 116//116 164//164
f 115//115 164//164 163//163
f 116//116 117//117 165//165
f 116//116 165//165 164//164
f 117//117 118//118 166//166
f 117//117 166//166 165//165
f 118//118 119//119 167//167
f 118//118 167//167 166//166
f 119//119 120//120 168//168
f 119//119 168//168 167//167
f 120//120 121//121 169//169
f 120//120 169//169 168//168
f 121//121 122//122 170//170
f 121//121 170//170 169//169
f 122//122 123//123 171//171
f 122//122 171//171 170//170
f 123//123 124//124 172//172
f 123//123 172//172 171//171
f 124//124 125//125 173//173
f 124//124 173//173 172//172
f 125//125 126//126 174//174
f 125//125 174//174 173//173
f 126//126 127//127 175//175
f 126//126 175//175 174//174
f 127//127 128//128 176//176
f 127//127 176//176 175//175
f 128//128 129//129 177//177
f 128//128 177//177 176//176
f 129//129 130//130 178//178
f 129//129 178//178 177//177
f 130//130 131//131 179//179
f 130//130 179//179 178//178
f 131//131 132//132 180//180
f 131//131 180//180 179//179
f 132//132 133//133 181//181
f 132//132 181//181 180//180
f 133//133 134//134 182//182
f 133//133 182//182 181//181
f 134//134 135//135 183//183
f 134//134 183//183 182//182
f 135//135 136//136 184//184
f 135//135 184//184 183//183
f 136//136 137//137 185//185
f 136//136 185//185 184//184
f 137//137 138//138 186//186
f 137//137 186//186 185//185
f 138//138 139//139 187//187
f 138//138 187//187 186//186
f 139//139 140//140 188//188
f 139//139 188//188 187//187
f 140//140 141//141 189//189
f 140//140 189//189 188//188
f 141//141 142//142 190//190
f 141//141 190//190 189//189
f 142//142 143//143 191//191
f 142//142 191//191 190//190
f 143//143 144//144 192//192
f 143//143 192//192 191//191
f 144//144 145//145 193//193
f 144//144 193//193 192//192
f 145//145 146//146 194//194
f 145//145 194//194 193//193
f 146//146 99//99 147//147
f 146//146 147//147 194//194
f 147//147 148//148 196//196
f 147//147 196//196 195//195
f 148//148 149//149 197//197
f 148//148 197//197 196//196
f 149//149 150//150 198//198
f 149//149 198//198 197//197
f 150//150 151//151 199//199
f 150//150 199//199 198//198
f 151//151 152//152 200//200
f 151//151 200//200 199//199
f 152//152 153//153 201//201
f 152//152 201//201 200//200
f 153//153 154//154 202//202
f 153//153 202//202 201//201
f 154//154 155//155 203//203
f 154//154 203//203 202//202
f 155//155 156//156 204//204
f 155//155 204//204 203//203
f 156//156 157//157 205//205
f 156//156 205//205 204//204
f 157//157 158//158 206//206
f 157//157 206//206 205//205
f 158//158 159//159 207//207
f 158//158 207//207 206//206
f 159//159 160//160 208//208
f 159//159 208//208 207//207
f 160//160 161//161 209//209
f 160//160 209//209 208//208
f 161//161 162//162 210//210
f 161//161 210//210 209//209
f 162//162 163//163 211//211
f 162//162 211//211 210//210
f 163//163 164//164 212//212
f 163//163 212//212 211//211
f 164//164 165//165 213//213
f 164//164 213//213 212//212
f 165//165 166//166 214//214
f 165//165 214//214 213//213
f 166//166 167//167 215//215
f 166//166 215//215 214//214
f 167//167 168//168 216//216
f 167//167 216//216 215//215
f 168//168 169//169 217//217
f 168//168 217//217 216//216
f 169//169 170//170 218//218
f 169//169 218//218 217//217
f 170//170 171//171 219//219
f 170//170 219//219 218//218
f 171//171 172//172 220//220
f 171//171 220//220 219//219
f 172//172 173//173 221//221
f 172//172 221//221 220//220
f 173//173 174//174 222//222
f 173//173 222//222 221//221
f 174//174 175//175 223//223
f 174//174 223//223 222//222
f 175//175 176//176 224//224
f 175//175 224//224 223//223
f 176//176 177//177 225//225
f 176//176 225//225 224//224
f 177//177 178//178 226//226
f 177//177 226//226 225//225
f 178//178 179//179 227//227
f 178//178 227//227 226//226
f 179//179 180//180 228//228
f 179//179 228//228 227//227
f 180//180 181//181 229//229
f 180//180 229//229 228//228
f 181//181 182//182 230//230
f 181//181 230//230 229//229
f 182//182 183//183 231//231
f 182//182 231//231 230//230
f 183//183 184//184 232//232
f 183//183 232//232 231//231
f 184//184 185//185 233//233
f 184//184 233//233 232//232
f 185//185 186//186 234//234
f 185//185 234//234 233//233
f 186//186 187//187 235//235
f 186//186 235//235 234//234
f 187//187 188//188 236//236
f 187//187 236//236 235//235
f 188//188 189//189 237//237
f 188//188 237//237 236//236
f 189//189 190//190 238//238
f 189//189 238//238 237//237
f 190//190 191//191 239//239
f 190//190 239//239 238//238
f 191//191 192//192 240//240
f 191//191 240//240 239//239
f 192//192 193//193 241//241
f 192//192 241//241 240//240
f 193//193 194//194 242//242
f 193//193 242//242 241//241
f 194//194 147//147 195//195
f 194//194 195//195 242//242
f 195//195 196//196 244//244
f 195//195 244//244 243//243
f 196//196 197//197 245//245
f 196//196 245//245 244//244
f 197//197 198//198 246//246
f 197//197 246//246 245//245
f 198//198 199//199 247//247
f 198//198 247//247 246//246
f 199//199 200//200 248//248
f 199//199 248//248 247//247
f 200//200 201//201 249//249
f 200//200 249//249 248//248
f 201//201 202//202 250//250
f 201//201 250//250 249//249
f 202//202 203//203 251//251
f 202//202 251//251 250//250
f 203//203 204//204 252//252
f 203//203 252//252 251//251
f 204//204 205//205 253//253
f 204//204 253//253 252//252
f 205//205 206//206 254//254
f 205//205 254//254 253//253
f 206//206 207//207 255//255
f 206//206 255//255 254//254
f 207//207 208//208 256//256
f 207//207 256//256 255//255
f 208//208 209//209 257//257
f 208//208 257//257 256//256
f 209//209 210//210 258//258
f 209//209 258//258 257//257
f 210//210 211//211 259//259
f 210//210 259//259 258//258
f 211//211 212//212 260//260
f 211//211 260//260 259//259
f 212//212 213//213 261//261
f 212//212 261//261 260//260
f 213//213 214//214 262//262
f 213//213 262//262 261//261
f 214//214 215//215 263//263
f 214//214 263//263 262//262
f 215//215 216//216 264//264
f 215//215 264//264 263//263
f 216//216 217//217 265//265
f 216//216 265//265 264//264
f 217//217 218//218 266//266
f 217//217 266//266 265//265
f 218//218 219//219 267//267
f 218//218 267//267 266//266
f 219//219 220//220 268//268
f 219//219 268//268 267//267
f 220//220 221//221 269//269
f 220//220 269//269 268//268
f 221//221 222//222 270//270
f 221//221 270//270 269//269
f 222//222 223//223 271//271
f 222//222 271//271 270//270
f 223//223 224//224 272//272
f 223//223 272//272 271//271
f 224//224 225//225 273//273
f 224//224 273//273 272//272
f 225//225 226//226 274//274
f 225//225 274//274 273//273
f 226//226 227//227 275//275
f 226//226 275//275 274//274
f 227//227 228//228 276//276
f 227//227 276//276 275//275
f 228//228 229//229 277//277
f 228//228 277//277 276//276
f 229//229 230//230 278//278
f 229//229 278//278 277//277
f 230//230 231//231 279//279
f 230//230 279//279 278//278
f 231//231 232//232 280//280
f 231//231 280//280 279//279
f 232//232 233//233 281//281
f 232//232 281//281 280//280
f 233//233 234//234 282//282
f 233//233 282//282 281//281
f 234//234 235//235 283//283
f 234//234 283//283 282//282
f 235//235 236//236 284//284
f 235//235 284//284 283//283
f 236//236 237//237 285//285
f 236//236 285//285 284//284
f 237//237 238//238 286//286
f 237//237 286//286 285//285
f 238//238 239//239 287//287
f 238//238 287//287 286//286
f 239//239 240//240 288//288
f 239//239 288//288 287//287
f 240//240 241//241 289//289
f 240//240 289//289 288//288
f 241//241 242//242 290//290
f 241//241 290//290 289//289
f 242//242 195//195 243//243
f 242//242 243//243 290//290
f 243//243 244//244 292//292
f 243//243 292//292 291//291
f 244//244 245//245 293//293
f 244//244 293//293 292//292
f 245//245 246//246 294//294
f 245//245 294//294 293//293
f 246//246 247//247 295//295
f 246//246 295//295 294//294
f 247//247 248//248 296//296
f 247//247 296//296 295//295
f 248//248 249//249 297//297
f 248//248 297//297 296//296
f 249//249 250//250 298//298
f 249//249 298//298 297//297
f 250//250 251//251 299//299
f 250//250 299//299 298//298
f 251//251 252//252 300//300
f 251//251 300//300 299//299
f 252//252 253//253 301//301
f 252//252 301//301 300//300
f 253//253 254//254 302//302
f 253//253 302//302 301//301
f 254//254 255//255 303//303
f 254//254 303//303 302//302
f 255//255 256//256 304//304
f 255//255 304//304 303//303
f 256//256 257//257 305//305
f 256//256 305//305 304//304
f 257//257 258//258 306//306
f 257//257 306//306 305//305
f 258//258 259//259 307//307
f 258//258 307//307 306//306
f 259//259 260//260 308//308
f 259//259 308//308 307//307
f 260//260 261//261 309//309
f 260//260 309//309 308//308
f 261//261 262//262 310//310
f 261//261 310//310 309//309
f 262//262 263//263 311//311
f 262//262 311//311 310//310
f 263//263 264//264 312//312
f 263//263 312//312 311//311
f 264//264 265//265 313//313
f 264//264 313//313 312//312
f 265//265 266//266 314//314
f 265//265 314//314 313//313
f 266//266 267//267 315//315
f 266//266 315//315 314//314
f 267//267 268//268 316//316
f 267//267 316//316 315//315
f 268//268 269//269 317//317
f 268//268 317//317 316//316
f 269//269 270//270 318//318
f 269//269 318//318 317//317
f 270//270 271//271 319//319
f 270//270 319//319 318//318
f 271//271 272//272 320//320
f 271//271 320//320 319//319
f 272//272 273//273 321//321
f 272//272 321//321 320//320
f 273//273 274//274 322//322
f 273//273 322//322 321//321
f 274//274 275//275 323//323
f 274//274 323//323 322//322
f 275//275 276//276 324//324
f 275//275 324//324 323//323
f 276//276 277//277 325//325
f 276//276 325//325 324//324
f 277//277 278//278 326//326
f 277//277 326//326 325//325
f 278//278 279//279 327//327
f 278//278 327//327 326//326
f 279//279 280//280 328//328
f 279//279 328//328 327//327
f 280//280 281//281 329//329
f 280//280 329//329 328//328
f 281//281 282//282 330//330
f 281//281 330//330 329//329
f 282//282 283//283 331//331
f 282//282 331//331 330//330
f 283//283 284//284 332//332
f 283//283 332//332 331//331
f 284//284 285//285 333//333
f 284//284 333//333 332//332
f 285//285 286//286 334//334
f 285//285 334//334 333//333
f 286//286 287//287 335//335
f 286//286 335//335 334//334
f 287//287 288//288 336//336
f 287//287 336//336 335//335
f 288//288 289//289 337//337
f 288//288 337//337 336//336
f 289//289 290//290 338//338
f 289//289 338//338 337//337
f 290//290 243//243 291//291
f 290//290 291//291 338//338
f 291//291 292//292 340//340
f 291//291 340//340 339//339
f 292//292 293//293 341//341
f 292//292 341//341 340//340
f 293//293 294//294 342//342
f 293//293 342//342 341//341
f 294//294 295//295 343//343
f 294//294 343//343 342//342
f 295//295 296//296 344//344
f 295//295 344//344 343//343
f 296//296 297//297 345//345
f 296//296 345//345 344//344
f 297//297 298//298 346//346
f 297//297 346//346 345//345
f 298//298 299//299 347//347
f 298//298 347//347 346//346
f 299//299 300//300 348//348
f 299//299 348//348 347//347
f 300//300 301//301 349//349
f 300//300 349//349 348//348
f 301//301 302//302 350//350
f 301//301 350//350 349//349
f 302//302 303//303 351//351
f 302//302 351//351 350//350
f 303//303 304//304 352//352
f 303//303 352//352 351//351
f 304//304 305//305 353//353
f 304//304 353//353 352//352
f 305//305 306//306 354//354
f 305//305 354//354 353//353
f 306//306 307//307 355//355
f 306//306 355//355 354//354
f 307//307 308//308 356//356
f 307//307 356//356 355//355
f 308//308 309//309 357//357
f 308//308 357//357 356//356
f 309//309 310//310 358//358
f 309//309 358//358 357//357
f 310//310 311//311 359//359
f 310//310 359//359 358//358
f 311//311 312//312 360//360
f 311//311 360//360 359//359
f 312//312 313//313 361//361
f 312//312 361//361 360//360
f 313//313 314//314 362//362
f 313//313 362//362 361//361
f 314//314 315//315 363//363
f 314//314 363//363 362//362
f 315//315 316//316 364//364
f 315//315 364//364 363//363
f 316//316 317//317 365//365
f 316//316 365//365 364//364
f 317//317 318//318 366//366
f 317//317 366//366 365//365
f 318//318 319//319 367//367
f 318//318 367//367 366//366
f 319//319 320//320 368//368
f 319//319 368//368 367//367
f 320//320 321//321 369//369
f 320//320 369//369 368//368
f 321//321 322//322 370//370
f 321//321 370//370 369//369
f 322//322 323//323 371//371
f 322//322 371//371 370//370
f 323//323 324//324 372//372
f 323//323 372//372 371//371
f 324//324 325//325 373//373
f 324//324 373//373 372//372
f 325//325 326//326 374//374
f 325//325 374//374 373//373
f 326//326 327//327 375//375
f 326//326 375//375 374//374
f 327//327 328//328 376//376
f 327//327 376//376 375//375
f 328//328 329//329 377//377
f 328//328 377//377 376//376
f 329//329 330//330 378//378
f 329//329 378//378 377//377
f 330//330 331//331 379//379
f 330//330 379//379 378//378
f 331//331 332//332 380//380
f 331//331 380//380 379//379
f 332//332 333//333 381//381
f 332//332 381//381 380//380
f 333//333 334//334 382//382
f 333//333 382//382 381//381
f 334//334 335//335 383//383
f 334//334 383//383 382//382
f 335//335 336//336 384//384
f 335//335 384//384 383//383
f 336//336 337//337 385//385
f 336//336 385//385 384//384
f 337//337 338//338 386//386
f 337//337 386//386 385//385
f 338//338 291//291 339//339
f 338//338 339//339 386//386
f 339//339 340//340 388//388
f 339//339 388//388 387//387
f 340//340 341//341 389//389
f 340//340 389//389 388//388
f 341//341 342//342 390//390
f 341//341 390//390 389//389
f 342//342 343//343 391//391
f 342//342 391//391 390//390
f 343//343 344//344 392//392
f 343//343 392//392 391//391
f 344//344 345//345 393//393
f 344//344 393//393 392//392
f 345//345 346//346 394//394
f 345//345 394//394 393//393
f 346//346 347//347 395//395
f 346//346 395//395 394//394
f 347//347 348//348 396//396
f 347//347 396//396 395//395
f 348//348 349//349 397//397
f 348//348 397//397 396//396
f 349//349 350//350 398//398
f 349//349 398//398 397//397
f 350//350 351//351 399//399
f 350//350 399//399 398//398
f 351//351 352//352 400//400
f 351//351 400//400 399//399
f 352//352 353//353 401//401
f 352//352 401//401 400//400
f 353//353 354//354 402//402
f 353//353 402//402 401//401
f 354//354 355//355 403//403
f 354//354 403//403 402//402
f 355//355 356//356 404//404
f 355//355 404//404 403//403
f 356//356 357//357 405//405
f 356//356 405//405 404//404
f 357//357 358//358 406//406
f 357//357 406//406 405//405
f 358//358 359//359 407//407
f 358//358 407//407 406//406
f 359//359 360//360 408//408
f 359//359 408//408 407//407
f 360//360 361//361 409//409
f 360//360 409//409 408//408
f 361//361 362//362 410//410
f 361//361 410//410 409//409
f 362//362 363//363 411//411
f 362//362 411//411 410//410
f 363//363 364//364 412//412
f 363//363 412//412 411//411
f 364//364 365//365 413//413
f 364//364 413//413 412//412
f 365//365 366//366 414//414
f 365//365 414//414 413//413
f 366//366 367//367 415//415
f 366//366 415//415 414//414
f 367//367 368//368 416//416
f 367//367 416//416 415//415
f 368//368 369//369 417//417
f 368//368 417//417 416//416
f 369//369 370//370 418//418
f 369//369 418//418 417//417
f 370//370 371//371 419//419
f 370//370 419//419 418//418
f 371//371 372//372 420//420
f 371//371 420//420 419//419
f 372//372 373//373 421//421
f 372//372 421//421 420//420
f 373//373 374//374 422//422
f 373//373 422//422 421//421
f 374//374 375//375 423//423
f 374//374 423//423 422//422
f 375//375 376//376 424//424
f 375//375 424//424 423//423
f 376//376 377//377 425//425
f 376//376 425//425 424//424
f 377//377 378//378 426//426
f 377//377 426//426 425//425
f 378//378 379//379 427//427
f 378//378 427//427 426//426
f 379//379 380//380 428//428
f 379//379 428//428 427//427
f 380//380 381//381 429//429
f 380//380 429//429 428//428
f 381//381 382//382 430//430
f 381//381 430//430 429//429
f 382//382 383//383 431//431
f 382//382 431//431 430//430
f 383//383 384//384 432//432
f 383//383 432//432 431//431
f 384//384 385//385 433//433
f 384//384 433//433 432//432
f 385//385 386//386 434//434
f 385//385 434//434 433//433
f 386//386 339//339 387//387
f 386//386 387//387 434//434
f 387//387 388//388 436//436
f 387//387 436//436 435//435
f 388//388 389//389 437//437
f 388//388 437//437 436//436
f 389//389 390//390 438//438
f 389//389 438//438 437//437
f 390//390 391//391 439//439
f 390//390 439//439 438//438
f 391//391 392//392 440//440
f 391//391 440//440 439//439
f 392//392 393//393 441//441
f 392//392 441//441 440//440
f 393//393 394//394 442//442
f 393//393 442//442 441//441
f 394//394 395//395 443//443
f 394//394 443//443 442//442
f 395//395 396//396 444//444
f 395//395 444//444 443//443
f 396//396 397//397 445//445
f 396//396 445//445 444//444
f 397//397 398//398 446//446
f 397//397 446//446 445//445
f 398//398 399//399 447//447
f 398//398 447//447 446//446
f 399//399 400//400 448//448
f 399//399 448//448 447//447
f 400//400 401//401 449//449
f 400//400 449//449 448//448
f 401//401 402//402 450//450
f 401//401 450//450 449//449
f 402//402 403//403 451//451
f 402//402 451//451 450//450
f 403//403 404//404 452//452
f 403//403 452//452 451//451
f 404//404 405//405 453//453
f 404//404 453//453 452//452
f 405//405 406//406 454//454
f 405//405 454//454 453//453
f 406//406 407//407 455//455
f 406//406 455//455 454//454
f 407//407 408//408 456//456
f 407//407 456//456 455//455
f 408//408 409//409 457//457
f 408//408 457//457 456//456
f 409//409 410//410 458//458
f 409//409 458//458 457//457
f 410//410 411//411 459//459
f 410//410 459//459 458//458
f 411//411 412//412 460//460
f 411//411 460//460 459//459
f 412//412 413//413 461//461
f 412//412 461//461 460//460
f 413//413 414//414 462//462
f 413//413 462//462 461//461
f 414//414 415//415 463//463
f 414//414 463//463 462//462
f 415//415 416//416 464//464
f 415//415 464//464 463//463
f 416//416 417//417 465//465
f 416//416 465//465 464//464
f 417//417 418//418 466//466
f 417//417 466//466 465//465
f 418//418 419//419 467//467
f 418//418 467//467 466//466
f 419//419 420//420 468//468
f 419//419 468//468 467//467
f 420//420 421//421 469//469
f 420//420 469//469 468//468
f 421//421 422//422 470//470
f 421//421 470//470 469//469
f 422//422 423//423 471//471
f 422//422 471//471 470//470
f 423//423 424//424 472//472
f 423//423 472//472 471//471
f 424//424 425//425 473//473
f 424//424 473//473 472//472
f 425//425 426//426 474//474
f 425//425 474//474 473//473
f 426//426 427//427 475//475
f 426//426 475//475 474//474
f 427//427 428//428 476//476
f 427//427 476//476 475//475
f 428//428 429//429 477//477
f 428//428 477//477 476//476
f 429//429 430//430 478//478
f 429//429 478//478 477//477
f 430//430 431//431 479//479
f 430//430 479//479 478//478
f 431//431 432//432 480//480
f 431//431 480//480 479//479
f 432//432 433//433 481//481
f 432//432 481//481 480//480
f 433//433 434//434 482//482
f 433//433 482//482 481//481
f 434//434 387//387 435//435
f 434//434 435//435 482//482
f 435//435 436//436 484//484
f 435//435 484//484 483//483
f 436//436 437//437 485//485
f 436//436 485//485 484//484
f 437//437 438//438 486//486
f 437//437 486//486 485//485
f 438//438 439//439 487//487
f 438//438 487//487 486//486
f 439//439 440//440 488//488
f 439//439 488//488 487//487
f 440//440 441//441 489//489
f 440//440 489//489 488//488
f 441//441 442//442 490//490
f 441//441 490//490 489//489
f 442//442 443//443 491//491
f 442//442 491//491 490//490
f 443//443 444//444 492//492
f 443//443 492//492 491//491
f 444//444 445//445 493//493
f 444//444 493//493 492//492
f 445//445 446//446 494//494
f 445//445 494//494 493//493
f 446//446 447//447 495//495
f 446//446 495//495 494//494
f 447//447 448//448 496//496
f 447//447 496//496 495//495
f 448//448 449//449 497//497
f 448//448 497//497 496//496
f 449//449 450//450 498//498
f 449//449 498//498 497//497
f 450//450 451//451 499//499
f 450//450 499//499 498//498
f 451//451 452//452 500//500
f 451//451 500//500 499//499
f 452//452 453//453 501//501
f 452//452 501//501 500//500
f 453//453 454//454 502//502
f 453//453 502//502 501//501
f 454//454 455//455 503//503
f 454//454 503//503 502//502
f 455//455 456//456 504//504
f 455//455 504//504 503//503
f 456//456 457//457 505//505
f 456//456 505//505 504//504
f 457//457 458//458 506//506
f 457//457 506//506 505//505
f 458//458 459//459 507//507
f 458//458 507//507 506//506
f 459//459 460//460 508//508
f 459//459 508//508 507//507
f 460//460 461//461 509//509
f 460//460 509//509 508//508
f 461//461 462//462 510//510
f 461//461 510//510 509//509
f 462//462 463//463 511//511
f 462//462 511//511 510//510
f 463//463 464//464 512//512
f 463//463 512//512 511//511
f 464//464 465//465 513//513
f 464//464 513//513 512//512
f 465//465 466//466 514//514
f 465//465 514//514 513//513
f 466//466 467//467 515//515
f 466//466 515//515 514//514
f 467//467 468//468 516//516
f 467//467 516//516 515//515
f 468//468 469//469 517//517
f 468//468 517//517 516//516
f 469//469 470//470 518//518
f 469//469 518//518 517//517
f 470//470 471//471 519//519
f 470//470 519//519 518//518
f 471//471 472//472 520//520
f 471//471 520//520 519//519
f 472//472 473//473 521//521
f 472//472 521//521 520//520
f 473//473 474//474 522//522
f 473//473 522//522 521//521
f 474//474 475//475 523//523
f 474//474 523//523 522//522
f 475//475 476//476 524//524
f 475//475 524//524 523//523
f 476//476 477//477 525//525
f 476//476 525//525 524//524
f 477//477 478//478 526//526
f 477//477 526//526 525//525
f 478//478 479//479 527//527
f 478//478 527//527 526//526
f 479//479 480//480 528//528
f 479//479 528//528 527//527
f 480//480 481//481 529//529
f 480//480 529//529 528//528
f 481//481 482//482 530//530
f 481//481 530//530 529//529
f 482//482 435//435 483//483
f 482//482 483//483 530//530
f 483//483 484//484 532//532
f 483//483 532//532 531//531
f 484//484 485//485 533//533
f 484//484 533//533 532//532
f 485//485 486//486 534//534
f 485//485 534//534 533//533
f 486//486 487//487 535//535
f 486//486 535//535 534//534
f 487//487 488//488 536//536
f 487//487 536//536 535//535
f 488//488 489//489 537//537
f 488//488 537//537 536//536
f 489//489 490//490 538//538
f 489//489 538//538 537//537
f 490//490 491//491 539//539
f 490//490 539//539 538//538
f 491//491 492//492 540//540
f 491//491 540//540 539//539
f 492//492 493//493 541//541
f 492//492 541//541 540//540
f 493//493 494//494 542//542
f 493//493 542//542 541//541
f 494//494 495//495 543//543
f 494//494 543//543 542//542
f 495//495 496//496 544//544
f 495//495 544//544 543//543
f 496//496 497//497 545//545
f 496//496 545//545 544//544
f 497//497 498//498 546//546
f 497//497 546//546 545//545
f 498//498 499//499 547//547
f 498//498 547//547 546//546
f 499//499 500//500 548//548
f 499//499 548//548 547//547
f 500//500 501//501 549//549
f 500//500 549//549 548//548
f 501//501 502//502 550//550
f 501//501 550//550 549//549
f 502//502 503//503 551//551
f 502//502 551//551 550//550
f 503//503 504//504 552//552
f 503//503 552//552 551//551
f 504//504 505//505 553//553
f 504//504 553//553 552//552
f 505//505 506//506 554//554
f 505//505 554//554 553//553
f 506//506 507//507 555//555
f 506//506 555//555 554//554
f 507//507 508//508 556//556
f 507//507 556//556 555//555
f 508//508 509//509 557//557
f 508//508 557//557 556//556
f 509//509 510//510 558//558
f 509//509 558//558 557//557
f 510//510 511//511 559//559
f 510//510 559//559 558//558
f 511//511 512//512 560//560
f 511//511 560//560 559//559
f 512//512 513//513 561//561
f 512//512 561//561 560//560
f 513//513 514//514 562//562
f 513//513 562//562 561//561
f 514//514 515//515 563//563
f 514//514 563//563 562//562
f 515//515 516//516 564//564
f 515//515 564//564 563//563
f 516//516 517//517 565//565
f 516//516 565//565 564//564
f 517//517 518//518 566//566
f 517//517 566//566 565//565
f 518//518 519//519 567//567
f 518//518 567//567 566//566
f 519//519 520//520 568//568
f 519//519 568//568 567//567
f 520//520 521//521 569//569
f 520//520 569//569 568//568
f 521//521 522//522 570//570
f 521//521 570//570 569//569
f 522//522 523//523 571//571
f 522//522 571//571 570//570
f 523//523 524//524 572//572
f 523//523 572//572 571//571
f 524//524 525//525 573//573
f 524//524 573//573 572//572
f 525//525 526//526 574//574
f 525//525 574//574 573//573
f 526//526 527//527 575//575
f 526//526 575//575 574//574
f 527//527 528//528 576//576
f 527//527 576//576 575//575
f 528//528 529//529 577//577
f 528//528 577//577 576//576
f 529//529 530//530 578//578
f 529//529 578//578 577//577
f 530//530 483//483 531//531
f 530//530 531//531 578//578
f 531//531 532//532 580//580
f 531//531 580//580 579//579
f 532//532 533//533 581//581
f 532//532 581//581 580//580
f 533//533 534//534 582//582
f 533//533 582//582 581//581
f 534//534 535//535 583//583
f 534//534 583//583 582//582
f 535//535 536//536 584//584
f 535//535 584//584 583//583
f 536//536 537//537 585//585
f 536//536 585//585 584//584
f 537//537 538//538 586//586
f 537//537 586//586 585//585
f 538//538 539//539 587//587
f 538//538 587//587 586//586
f 539//539 540//540 588//588
f 539//539 588//588 587//587
f 540//540 541//541 589//589
f 540//540 589//589 588//588
f 541//541 542//542 590//590
f 541//541 590//590 589//589
f 542//542 543//543 591//591
f 542//542 591//591 590//590
f 543//543 544//544 592//592
f 543//543 592//592 591//591
f 544//544 545//545 593//593
f 544//544 593//593 592//592
f 545//545 546//546 594//594
f 545//545 594//594 593//593
f 546//546 547//547 595//595
f 546//546 595//595 594//594
f 547//547 548//548 596//596
f 547//547 596//596 595//595
f 548//548 549//549 597//597
f 548//548 597//597 596//596
f 549//549 550//550 598//598
f 549//549 598//598 597//597
f 550//550 551//551 599//599
f 550//550 599//599 598//598
f 551//551 552//552 600//600
f 551//551 600//600 599//599
f 552//552 553//553 601//601
f 552//552 601//601 600//600
f 553//553 554//554 602//602
f 553//553 602//602 601//601
f 554//554 555//555 603//603
f 554//554 603//603 602//602
f 555//555 556//556 604//604
f 555//555 604//604 603//603
f 556//556 557//557 605//605
f 556//556 605//605 604//604
f 557//557 558//558 606//606
f 557//557 606//606 605//605
f 558//558 559//559 607//607
f 558//558 607//607 606//606
f 559//559 560//560 608//608
f 559//559 608//608 607//607
f 560//560 561//561 609//609
f 560//560 609//609 608//608
f 561//561 562//562 610//610
f 561//561 610//610 609//609
f 562//562 563//563 611//611
f 562//562 611//611 610//610
f 563//563 564//564 612//612
f 563//563 612//612 611//611
f 564//564 565//565 613//613
f 564//564 613//613 612//612
f 565//565 566//566 614//614
f 565//565 614//614 613//613
f 566//566 567//567 615//615
f 566//566 615//615 614//614
f 567//567 568//568 616//616
f 567//567 616//616 615//615
f 568//568 569//569 617//617
f 568//568 617//617 616//616
f 569//569 570//570 618//618
f 569//569 618//618 617//617
f 570//570 571//571 619//619
f 570//570 619//619 618//618
f 571//571 572//572 620//620
f 571//571 620//620 619//619
f 572//572 573//573 621//621
f 572//572 621//621 620//620
f 573//573 574//574 622//622
f 573//573 622//622 621//621
f 574//574 575//575 623//623
f 574//574 623//623 622//622
f 575//575 576//576 624//624
f 575//575 624//624 623//623
f 576//576 577//577 625//625
f 576//576 625//625 624//624
f 577//577 578//578 626//626
f 577//577 626//626 625//625
f 578//578 531//531 579//579
f 578//578 579//579 626//626
f 579//579 580//580 628//628
f 579//579 628//628 627//627
f 580//580 581//581 629//629
f 580//580 629//629 628//628
f 581//581 582//582 630//630
f 581//581 630//630 629//629
f 582//582 583//583 631//631
f 582//582 631//631 630//630
f 583//583 584//584 632//632
f 583//583 632//632 631//631
f 584//584 585//585 633//633
f 584//584 633//633 632//632
f 585//585 586//586 634//634
f 585//585 634//634 633//633
f 586//586 587//587 635//635
f 586//586 635//635 634//634
f 587//587 588//588 636//636
f 587//587 636//636 635//635
f 588//588 589//589 637//637
f 588//588 637//637 636//636
f 589//589 590//590 638//638
f 589//589 638//638 637//637
f 590//590 591//591 639//639
f 590//590 639//639 638//638
f 591//591 592//592 640//640
f 591//591 640//640 639//639
f 592//592 593//593 641//641
f 592//592 641//641 640//640
f 593//593 594//594 642//642
f 593//593 642//642 641//641
f 594//594 595//595 643//643
f 594//594 643//643 642//642
f 595//595 596//596 644//644
f 595//595 644//644 643//643
f 596//596 597//597 645//645
f 596//596 645//645 644//644
f 597//597 598//598 646//646
f 597//597 646//646 645//645
f 598//598 599//599 647//647
f 598//598 647//647 646//646
f 599//599 600//600 648//648
f 599//599 648//648 647//647
f 600//600 601//601 649//649
f 600//600 649//649 648//648
f 601//601 602//602 650//650
f 601//601 650//650 649//649
f 602//602 603//603 651//651
f 602//602 651//651 650//650
f 603//603 604//604 652//652
f 603//603 652//652 651//651
f 604//604 605//605 653//653
f 604//604 653//653 652//652
f 605//605 606//606 654//654
f 605//605 654//654 653//653
f 606//606 607//607 655//655
f 606//606 655//655 654//654
f 607//607 608//608 656//656
f 607//607 656//656 655//655
f 608//608 609//609 657//657
f 608//608 657//657 656//656
f 609//609 610//610 658//658
f 609//609 658//658 657//657
f 610//610 611//611 659//659
f 610//610 659//659 658//658
f 611//611 612//612 660//660
f 611//611 660//660 659//659
f 612//612 613//613 661//661
f 612//612 661//661 660//660
f 613//613 614//614 662//662
f 613//613 662//662 661//661
f 614//614 615//615 663//663
f 614//614 663//663 662//662
f 615//615 616//616 664//664
f 615//615 664//664 663//663
f 616//616 617//617 665//665
f 616//616 665//665 664//664
f 617//617 618//618 666//666
f 617//617 666//666 665//665
f 618//618 619//619 667//667
f 618//618 667//667 666//666
f 619//619 620//620 668//668
f 619//619 668//668 667//667
f 620//620 621//621 669//669
f 620//620 669//669 668//668
f 621//621 622//622 670//670
f 621//621 670//670 669//669
f 622//622 623//623 671//671
f 622//622 671//671 670//670
f 623//623 624//624 672//672
f 623//623 672//672 671//671
f 624//624 625//625 673//673
f 624//624 673//673 672//672
f 625//625 626//626 674//674
f 625//625 674//674 673//673
f 626//626 579//579 627//627
f 626//626 627//627 674//674
f 627//627 628//628 676//676
f 627//627 676//676 675//675
f 628//628 629//629 677//677
f 628//628 677//677 676//676
f 629//629 630//630 678//678
f 629//629 678//678 677//677
f 630//630 631//631 679//679
f 630//630 679//679 678//678
f 631//631 632//632 680//680
f 631//631 680//680 679//679
f 632//632 633//633 681//681
f 632//632 681//681 680//680
f 633//633 634//634 682//682
f 633//633 682//682 681//681
f 634//634 635//635 683//683
f 634//634 683//683 682//682
f 635//635 636//636 684//684
f 635//635 684//684 683//683
f 636//636 637//637 685//685
f 636//636 685//685 684//684
f 637//637 638//638 686//686
f 637//637 686//686 685//685
f 638//638 639//639 687//687
f 638//638 687//687 686//686
f 639//639 640//640 688//688
f 639//639 688//688 687//687
f 640//640 641//641 689//689
f 640//640 689//689 688//688
f 641//641 642//642 690//690
f 641//641 690//690 689//689
f 642//642 643//643 691//691
f 642//642 691//691 690//690
f 643//643 644//644 692//692
f 643//643 692//692 691//691
f 644//644 645//645 693//693
f 644//644 693//693 692//692
f 645//645 646//646 694//694
f 645//645 694//694 693//693
f 646//646 647//647 695//695
f 646//646 695//695 694//694
f 647//647 648//648 696//696
f 647//647 696//696 695//695
f 648//648 649//649 697//697
f 648//648 697//697 696//696
f 649//649 650//650 698//698
f 649//649 698//698 697//697
f 650//650 651//651 699//699
f 650//650 699//699 698//698
f 651//651 652//652 700//700
f 651//651 700//700 699//699
f 652//652 653//653 701//701
f 652//652 701//701 700//700
f 653//653 654//654 702//702
f 653//653 702//702 701//701
f 654//654 655//655 703//703
f 654//654 703//703 702//702
f 655//655 656//656 704//704
f 655//655 704//704 703//703
f 656//656 657//657 705//705
f 656//656 705//705 704//704
f 657//657 658//658 706//706
f 657//657 706//706 705//705
f 658//658 659//659 707//707
f 658//658 707//707 706//706
f 659//659 660//660 708//708
f 659//659 708//708 707//707
f 660//660 661//661 709//709
f 660//660 709//709 708//708
f 661//661 662//662 710//710
f 661//661 710//710 709//709
f 662//662 663//663 711//711
f 662//662 711//711 710//710
f 663//663 664//664 712//712
f 663//663 712//712 711//711
f 664//664 665//665 713//713
f 664//664 713//713 712//712
f 665//665 666//666 714//714
f 665//665 714//714 713//713
f 666//666 667//667 715//715
f 666//666 715//715 714//714
f 667//667 668//668 716//716
f 667//667 716//716 715//715
f 668//668 669//669 717//717
f 668//668 717//717 716//716
f 669//669 670//670 718//718
f 669//669 718//718 717//717
f 670//670 671//671 719//719
f 670//670 719//719 718//718
f 671//671 672//672 720//720
f 671//671 720//720 719//719
f 672//672 673//673 721//721
f 672//672 721//721 720//720
f 673//673 674//674 722//722
f 673//673 722//722 721//721
f 674//674 627//627 675//675
f 674//674 675//675 722//722
f 675//675 676//676 724//724
f 675//675 724//724 723//723
f 676//676 677//677 725//725
f 676//676 725//725 724//724
f 677//677 678//678 726//726
f 677//677 726//726 725//725
f 678//678 679//679 727//727
f 678//678 727//727 726//726
f 679//679 680//680 728//728
f 679//679 728//728 727//727
f 680//680 681//681 729//729
f 680//680 729//729 728//728
f 681//681 682//682 730//730
f 681//681 730//730 729//729
f 682//682 683//683 731//731
f 682//682 731//731 730//730
f 683//683 684//684 732//732
f 683//683 732//732 731//731
f 684//684 685//685 733//733
f 684//684 733//733 732//732
f 685//685 686//686 734//734
f 685//685 734//734 733//733
f 686//686 687//687 735//735
f 686//686 735//735 734//734
f 687//687 688//688 736//736
f 687//687 736//736 735//735
f 688//688 689//689 737//737
f 688//688 737//737 736//736
f 689//689 690//690 738//738
f 689//689 738//738 737//737
f 690//690 691//691 739//739
f 690//690 739//739 738//738
f 691//691 692//692 740//740
f 691//691 740//740 739//739
f 692//692 693//693 741//741
f 692//692 741//741 740//740
f 693//693 694//694 742//742
f 693//693 742//742 741//741
f 694//694 695//695 743//743
f 694//694 743//743 742//742
f 695//695 696//696 744//744
f 695//695 744//744 743//743
f 696//696 697//697 745//745
f 696//696 745//745 744//744
f 697//697 698//698 746//746
f 697//697 746//746 745//745
f 698//698 699//699 747//747
f 698//698 747//747 746//746
f 699//699 700//700 748//748
f 699//699 748//748 747//747
f 700//700 701//701 749//749
f 700//700 749//749 748//748
f 701//701 702//702 750//750
f 701//701 750//750 749//749
f 702//702 703//703 751//751
f 702//702 751//751 750//750
f 703//703 704//704 752//752
f 703//703 752//752 751//751
f 704//704 705//705 753//753
f 704//704 753//753 752//752
f 705//705 706//706 754//754
f 705//705 754//754 753//753
f 706//706 707//707 755//755
f 706//706 755//755 754//754
f 707//707 708//708 756//756
f 707//707 756//756 755//755
f 708//708 709//709 757//757
f 708//708 757//757 756//756
f 709//709 710//710 758//758
f 709//709 758//758 757//757
f 710//710 711//711 759//759
f 710//710 759//759 758//758
f 711//711 712//712 760//760
f 711//711 760//760 759//759
f 712//712 713//713 761//761
f 712//712 761//761 760//760
f 713//713 714//714 762//762
f 713//713 762//762 761//761
f 714//714 715//715 763//763
f 714//714 763//763 762//762
f 715//715 716//716 764//764
f 715//715 764//764 763//763
f 716//716 717//717 765//765
f 716//716 765//765 764//764
f 717//717 718//718 766//766
f 717//717 766//766 765//765
f 718//718 719//719 767//767
f 718//718 767//767 766//766
f 719//719 720//720 768//768
f 719//719 768//768 767//767
f 720//720 721//721 769//769
f 720//720 769//769 768//768
f 721//721 722//722 770//770
f 721//721 770//770 769//769
f 722//722 675//675 723//723
f 722//722 723//723 770//770
f 723//723 724//724 772//772
f 723//723 772//772 771//771
f 724//724 725//725 773//773
f 724//724 773//773 772//772
f 725//725 726//726 774//774
f 725//725 774//774 773//773
f 726//726 727//727 775//775
f 726//726 775//775 774//774
f 727//727 728//728 776//776
f 727//727 776//776 775//775
f 728//728 729//729 777//777
f 728//728 777//777 776//776
f 729//729 730//730 778//778
f 729//729 778//778 777//777
f 730//730 731//731 779//779
f 730//730 779//779 778//778
f 731//731 732//732 780//780
f 731//731 780//780 779//779
f 732//732 733//733 781//781
f 732//732 781//781 780//780
f 733//733 734//734 782//782
f 733//733 782//782 781//781
f 734//734 735//735 783//783
f 734//734 783//783 782//782
f 735//735 736//736 784//784
f 735//735 784//784 783//783
f 736//736 737//737 785//785
f 736//736 785//785 784//784
f 737//737 738//738 786//786
f 737//737 786//786 785//785
f 738//738 739//739 787//787
f 738//738 787//787 786//786
f 739//739 740//740 788//788
f 739//739 788//788 787//787
f 740//740 741//741 789//789
f 740//740 789//789 788//788
f 741//741 742//742 790//790
f 741//741 790//790 789//789
f 742//742 743//743 791//791
f 742//742 791//791 790//790
f 743//743 744//744 792//792
f 743//743 792//792 791//791
f 744//744 745//745 793//793
f 744//744 793//793 792//792
f 745//745 746//746 794//794
f 745//745 794//794 793//793
f 746//746 747//747 795//795
f 746//746 795//795 794//794
f 747//747 748//748 796//796
f 747//747 796//796 795//795
f 748//748 749//749 797//797
f 748//748 797//797 796//796
f 749//749 750//750 798//798
f 749//749 798//798 797//797
f 750//750 751//751 799//799
f 750//750 799//799 798//798
f 751//751 752//752 800//800
f 751//751 800//800 799//799
f 752//752 753//753 801//801
f 752//752 801//801 800//800
f 753//753 754//754 802//802
f 753//753 802//802 801//801
f 754//754 755//755 803//803
f 754//754 803//803 802//802
f 755//755 756//756 804//804
f 755//755 804//804 803//803
f 756//756 757//757 805//805
f 756//756 805//805 804//804
f 757//757 758//758 806//806
f 757//757 806//806 805//805
f 758//758 759//759 807//807
f 758//758 807//807 806//806
f 759//759 760//760 808//808
f 759//759 808//808 807//807
f 760//760 761//761 809//809
f 760//760 809//809 808//808
f 761//761 762//762 810//810
f 761//761 810//810 809//809
f 762//762 763//763 811//811
f 762//762 811//811 810//810
f 763//763 764//764 812//812
f 763//763 812//812 811//811
f 764//764 765//765 813//813
f 764//764 813//813 812//812
f 765//765 766//766 814//814
f 765//765 814//814 813//813
f 766//766 767//767 815//815
f 766//766 815//815 814//814
f 767//767 768//768 816//816
f 767//767 816//816 815//815
f 768//768 769//769 817//817
f 768//768 817//817 816//816
f 769//769 770//770 818//818
f 769//769 818//818 817//817
f 770//770 723//723 771//771
f 770//770 771//771 818//818
f 771//771 772//772 820//820
f 771//771 820//820 819//819
f 772//772 773//773 821//821
f 772//772 821//821 820//820
f 773//773 774//774 822//822
f 773//773 822//822 821//821
f 774//774 775//775 823//823
f 774//774 823//823 822//822
f 775//775 776//776 824//824
f 775//775 824//824 823//823
f 776//776 777//777 825//825
f 776//776 825//825 824//824
f 777//777 778//778 826//826
f 777//777 826//826 825//825
f 778//778 779//779 827//827
f 778//778 827//827 826//826
f 779//779 780//780 828//828
f 779//779 828//828 827//827
f 780//780 781//781 829//829
f 780//780 829//829 828//828
f 781//781 782//782 830//830
f 781//781 830//830 829//829
f 782//782 783//783 831//831
f 782//782 831//831 830//830
f 783//783 784//784 832//832
f 783//783 832//832 831//831
f 784//784 785//785 833//833
f 784//784 833//833 832//832
f 785//785 786//786 834//834
f 785//785 834//834 833//833
f 786//786 787//787 835//835
f 786//786 835//835 834//834
f 787//787 788//788 836//836
f 787//787 836//836 835//835
f 788//788 789//789 837//837
f 788//788 837//837 836//836
f 789//789 790//790 838//838
f 789//789 838//838 837//837
f 790//790 791//791 839//839
f 790//790 839//839 838//838
f 791//791 792//792 840//840
f 791//791 840//840 839//839
f 792//792 793//793 841//841
f 792//792 841//841 840//840
f 793//793 794//794 842//842
f 793//793 842//842 841//841
f 794//794 795//795 843//843
f 794//794 843//843 842//842
f 795//795 796//796 844//844
f 795//795 844//844 843//843
f 796//796 797//797 845//845
f 796//796 845//845 844//844
f 797//797 798//798 846//846
f 797//797 846//846 845//845
f 798//798 799//799 847//847
f 798//798 847//847 846//846
f 799//799 800//800 848//848
f 799//799 848//848 847//847
f 800//800 801//801 849//849
f 800//800 849//849 848//848
f 801//801 802//802 850//850
f 801//801 850//850 849//849
f 802//802 803//803 851//851
f 802//802 851//851 850//850
f 803//803 804//804 852//852
f 803//803 852//852 851//851
f 804//804 805//805 853//853
f 804//804 853//853 852//852
f 805//805 806//806 854//854
f 805//805 854//854 853//853
f 806//806 807//807 855//855
f 806//806 855//855 854//854
f 807//807 808//808 856//856
f 807//807 856//856 855//855
f 808//808 809//809 857//857
f 808//808 857//857 856//856
f 809//809 810//810 858//858
f 809//809 858//858 857//857
f 810//810 811//811 859//859
f 810//810 859//859 858//858
f 811//811 812//812 860//860
f 811//811 860//860 859//859
f 812//812 813//813 861//861
f 812//812 861//861 860//860
f 813//813 814//814 862//862
f 813//813 862//862 861//861
f 814//814 815//815 863//863
f 814//814 863//863 862//862
f 815//815 816//816 864//864
f 815//815 864//864 863//863
f 816//816 817//817 865//865
f 816//816 865//865 864//864
f 817//817 818//818 866//866
f 817//817 866//866 865//865
f 818//818 771//771 819//819
f 818//818 819//819 866//866
f 819//819 820//820 868//868
f 819//819 868//868 867//867
f 820//820 821//821 869//869
f 820//820 869//869 868//868
f 821//821 822//822 870//870
f 821//821 870//870 869//869
f 822//822 823//823 871//871
f 822//822 871//871 870//870
f 823//823 824//824 872//872
f 823//823 872//872 871//871
f 824//824 825//825 873//873
f 824//824 873//873 872//872
f 825//825 826//826 874//874
f 825//825 874//874 873//873
f 826//826 827//827 875//875
f 826//826 875//875 874//874
f 827//827 828//828 876//876
f 827//827 876//876 875//875
f 828//828 829//829 877//877
f 828//828 877//877 876//876
f 829//829 830//830 878//878
f 829//829 878//878 877//877
f 830//830 831//831 879//879
f 830//830 879//879 878//878
f 831//831 832//832 880//880
f 831//831 880//880 879//879
f 832//832 833//833 881//881
f 832//832 881//881 880//880
f 833//833 834//834 882//882
f 833//833 882//882 881//881
f 834//834 835//835 883//883
f 834//834 883//883 882//882
f 835//835 836//836 884//884
f 835//835 884//884 883//883
f 836//836 837//837 885//885
f 836//836 885//885 884//884
f 837//837 838//838 886//886
f 837//837 886//886 885//885
f 838//838 839//839 887//887
f 838//838 887//887 886//886
f 839//839 840//840 888//888
f 839//839 888//888 887//887
f 840//840 841//841 889//889
f 840//840 889//889 888//888
f 841//841 842//842 890//890
f 841//841 890//890 889//889
f 842//842 843//843 891//891
f 842//842 891//891 890//890
f 843//843 844//844 892//892
f 843//843 892//892 891//891
f 844//844 845//845 893//893
f 844//844 893//893 892//892
f 845//845 846//846 894//894
f 845//845 894//894 893//893
f 846//846 847//847 895//895
f 846//846 895//895 894//894
f 847//847 848//848 896//896
f 847//847 896//896 895//895
f 848//848 849//849 897//897
f 848//848 897//897 896//896
f 849//849 850//850 898//898
f 849//849 898//898 897//897
f 850//850 851//851 899//899
f 850//850 899//899 898//898
f 851//851 852//852 900//900
f 851//851 900//900 899//899
f 852//852 853//853 901//901
f 852//852 901//901 900//900
f 853//853 854//854 902//902
f 853//853 902//902 901//901
f 854//854 855//855 903//903
f 854//854 903//903 902//902
f 855//855 856//856 904//904
f 855//855 904//904 903//903
f 856//856 857//857 905//905
f 856//856 905//905 904//904
f 857//857 858//858 906//906
f 857//857 906//906 905//905
f 858//858 859//859 907//907
f 858//858 907//907 906//906
f 859//859 860//860 908//908
f 859//859 908//908 907//907
f 860//860 861//861 909//909
f 860//860 909//909 908//908
f 861//861 862//862 910//910
f 861//861 910//910 909//909
f 862//862 863//863 911//911
f 862//862 911//911 910//910
f 863//863 864//864 912//912
f 863//863 912//912 911//911
f 864//864 865//865 913//913
f 864//864 913//913 912//912
f 865//865 866//866 914//914
f 865//865 914//914 913//913
f 866//866 819//819 867//867
f 866//866 867//867 914//914
f 867//867 868//868 916//916
f 867//867 916//916 915//915
f 868//868 869//869 917//917
f 868//868 917//917 916//916
f 869//869 870//870 918//918
f 869//869 918//918 917//917
f 870//870 871//871 919//919
f 870//870 919//919 918//918
f 871//871 872//872 920//920
f 871//871 920//920 919//919
f 872//872 873//873 921//921
f 872//872 921//921 920//920
f 873//873 874//874 922//922
f 873//873 922//922 921//921
f 874//874 875//875 923//923
f 874//874 923//923 922//922
f 875//875 876//876 924//924
f 875//875 924//924 923//923
f 876//876 877//877 925//925
f 876//876 925//925 924//924
f 877//877 878//878 926//926
f 877//877 926//926 925//925
f 878//878 879//879 927//927
f 878//878 927//927 926//926
f 879//879 880//880 928//928
f 879//879 928//928 927//927
f 880//880 881//881 929//929
f 880//880 929//929 928//928
f 881//881 882//882 930//930
f 881//881 930//930 929//929
f 882//882 883//883 931//931
f 882//882 931//931 930//930
f 883//883 884//884 932//932
f 883//883 932//932 931//931
f 884//884 885//885 933//933
f 884//884 933//933 932//932
f 885//885 886//886 934//934
f 885//885 934//934 933//933
f 886//886 887//887 935//935
f 886//886 935//935 934//934
f 887//887 888//888 936//936
f 887//887 936//936 935//935
f 888//888 889//889 937//937
f 888//888 937//937 936//936
f 889//889 890//890 938//938
f 889//889 938//938 937//937
f 890//890 891//891 939//939
f 890//890 939//939 938//938
f 891//891 892//892 940//940
f 891//891 940//940 939//939
f 892//892 893//893 941//941
f 892//892 941//941 940//940
f 893//893 894//894 942//942
f 893//893 942//942 941//941
f 894//894 895//895 943//943
f 894//894 943//943 942//942
f 895//895 896//896 944//944
f 895//895 944//944 943//943
f 896//896 897//897 945//945
f 896//896 945//945 944//944
f 897//897 898//898 946//946
f 897//897 946//946 945//945
f 898//898 899//899 947//947
f 898//898 947//947 946//946
f 899//899 900//900 948//948
f 899//899 948//948 947//947
f 900//900 901//901 949//949
f 900//900 949//949 948//948
f 901//901 902//902 950//950
f 901//901 950//950 949//949
f 902//902 903//903 951//951
f 902//902 951//951 950//950
f 903//903 904//904 952//952
f 903//903 952//952 951//951
f 904//904 905//905 953//953
f 904//904 953//953 952//952
f 905//905 906//906 954//954
f 905//905 954//954 953//953
f 906//906 907//907 955//955
f 906//906 955//955 954//954
f 907//907 908//908 956//956
f 907//907 956//956 955//955
f 908//908 909//909 957//957
f 908//908 957//957 956//956
f 909//909 910//910 958//958
f 909//909 958//958 957//957
f 910//910 911//911 959//959
f 910//910 959//959 958//958
f 911//911 912//912 960//960
f 911//911 960//960 959//959
f 912//912 913//913 961//961
f 912//912 961//961 960//960
f 913//913 914//914 962//962
f 913//913 962//962 961//961
f 914//914 867//867 915//915
f 914//914 915//915 962//962
f 915//915 916//916 964//964
f 915//915 964//964 963//963
f 916//916 917//917 965//965
f 916//916 965//965 964//964
f 917//917 918//918 966//966
f 917//917 966//966 965//965
f 918//918 919//919 967//967
f 918//918 967//967 966//966
f 919//919 920//920 968//968
f 919//919 968//968 967//967
f 920//920 921//921 969//969
f 920//920 969//969 968//968
f 921//921 922//922 970//970
f 921//921 970//970 969//969
f 922//922 923//923 971//971
f 922//922 971//971 970//970
f 923//923 924//924 972//972
f 923//923 972//972 971//971
f 924//924 925//925 973//973
f 924//924 973//973 972//972
f 925//925 926//926 974//974
f 925//925 974//974 973//973
f 926//926 927//927 975//975
f 926//926 975//975 974//974
f 927//927 928//928 976//976
f 927//927 976//976 975//975
f 928//928 929//929 977//977
f 928//928 977//977 976//976
f 929//929 930//930 978//978
f 929//929 978//978 977//977
f 930//930 931//931 979//979
f 930//930 979//979 978//978
f 931//931 932//932 980//980
f 931//931 980//980 979//979
f 932//932 933//933 981//981
f 932//932 981//981 980//980
f 933//933 934//934 982//982
f 933//933 982//982 981//981
f 934//934 935//935 983//983
f 934//934 983//983 982//982
f 935//935 936//936 984//984
f 935//935 984//984 983//983
f 936//936 937//937 985//985
f 936//936 985//985 984//984
f 937//937 938//938 986//986
f 937//937 986//986 985//985
f 938//938 939//939 987//987
f 938//938 987//987 986//986
f 939//939 940//940 988//988
f 939//939 988//988 987//987
f 940//940 941//941 989//989
f 940//940 989//989 988//988
f 941//941 942//942 990//990
f 941//941 990//990 989//989
f 942//942 943//943 991//991
f 942//942 991//991 990//990
f 943//943 944//944 992//992
f 943//943 992//992 991//991
f 944//944 945//945 993//993
f 944//944 993//993 992//992
f 945//945 946//946 994//994
f 945//945 994//994 993//993
f 946//946 947//947 995//995
f 946//946 995//995 994//994
f 947//947 948//948 996//996
f 947//947 996//996 995//995
f 948//948 949//949 997//997
f 948//948 997//997 996//996
f 949//949 950//950 998//998
f 949//949 998//998 997//997
f 950//950 951//951 999//999
f 950//950 999//999 998//998
f 951//951 952//952 1000//1000
f 951//951 1000//1000 999//999
f 952//952 953//953 1001//1001
f 952//952 1001//1001 1000//1000
f 953//953 954//954 1002//1002
f 953//953 1002//1002 1001//1001
f 954//954 955//955 1003//1003
f 954//954 1003//1003 1002//1002
f 955//955 956//956 1004//1004
f 955//955 1004//1004 1003//1003
f 956//956 957//957 1005//1005
f 956//956 1005//1005 1004//1004
f 957//957 958//958 1006//1006
f 957//957 1006//1006 1005//1005
f 958//958 959//959 1007//1007
f 958//958 1007//1007 1006//1006
f 959//959 960//960 1008//1008
f 959//959 1008//1008 1007//1007
f 960//960 961//961 1009//1009
f 960//960 1009//1009 1008//1008
f 961//961 962//962 1010//1010
f 961//961 1010//1010 1009//1009
f 962//962 915//915 963//963
f 962//962 963//963 1010//1010
f 963//963 964//964 1012//1012
f 963//963 1012//1012 1011//1011
f 964//964 965//965 1013//1013
f 964//964 1013//1013 1012//1012
f 965//965 966//966 1014//1014
f 965//965 1014//1014 1013//1013
f 966//966 967//967 1015//1015
f 966//966 1015//1015 1014//1014
f 967//967 968//968 1016//1016
f 967//967 1016//1016 1015//1015
f 968//968 969//969 1017//1017
f 968//968 1017//1017 1016//1016
f 969//969 970//970 1018//1018
f 969//969 1018//1018 1017//1017
f 970//970 971//971 1019//1019
f 970//970 1019//1019 1018//1018
f 971//971 972//972 1020//1020
f 971//971 1020//1020 1019//1019
f 972//972 973//973 1021//1021
f 972//972 1021//1021 1020//1020
f 973//973 974//974 1022//1022
f 973//973 1022//1022 1021//1021
f 974//974 975//975 1023//1023
f 974//974 1023//1023 1022//1022
f 975//975 976//976 1024//1024
f 975//975 1024//1024 1023//1023
f 976//976 977//977 1025//1025
f 976//976 1025//1025 1024//1024
f 977//977 978//978 1026//1026
f 977//977 1026//1026 1025//1025
f 978//978 979//979 1027//1027
f 978//978 1027//1027 1026//1026
f 979//979 980//980 1028//1028
f 979//979 1028//1028 1027//1027
f 980//980 981//981 1029//1029
f 980//980 1029//1029 1028//1028
f 981//981 982//982 1030//1030
f 981//981 1030//1030 1029//1029
f 982//982 983//983 1031//1031
f 982//982 1031//1031 1030//1030
f 983//983 984//984 1032//1032
f 983//983 1032//1032 1031//1031
f 984//984 985//985 1033//1033
f 984//984 1033//1033 1032//1032
f 985//985 986//986 1034//1034
f 985//985 1034//1034 1033//1033
f 986//986 987//987 1035//1035
f 986//986 1035//1035 1034//1034
f 987//987 988//988 1036//1036
f 987//987 1036//1036 1035//1035
f 988//988 989//989 1037//1037
f 988//988 1037//1037 1036//1036
f 989//989 990//990 1038//1038
f 989//989 1038//1038 1037//1037
f 990//990 991//991 1039//1039
f 990//990 1039//1039 1038//1038
f 991//991 992//992 1040//1040
f 991//991 1040//1040 1039//1039
f 992//992 993//993 1041//1041
f 992//992 1041//1041 1040//1040
f 993//993 994//994 1042//1042
f 993//993 1042//1042 1041//1041
f 994//994 995//995 1043//1043
f 994//994 1043//1043 1042//1042
f 995//995 996//996 1044//1044
f 995//995 1044//1044 1043//1043
f 996//996 997//997 1045//1045
f 996//996 1045//1045 1044//1044
f 997//997 998//998 1046//1046
f 997//997 1046//1046 1045//1045
f 998//998 999//999 1047//1047
f 998//998 1047//1047 1046//1046
f 999//999 1000//1000 1048//1048
f 999//999 1048//1048 1047//1047
f 1000//1000 1001//1001 1049//1049
f 1000//1000 1049//1049 1048//1048
f 1001//1001 1002//1002 1050//1050
f 1001//1001 1050//1050 1049//1049
f 1002//1002 1003//1003 1051//1051
f 1002//1002 1051//1051 1050//1050
f 1003//1003 1004//1004 1052//1052
f 1003//1003 1052//1052 1051//1051
f 1004//1004 1005//1005 1053//1053
f 1004//1004 1053//1053 1052//1052
f 1005//1005 1006//1006 1054//1054
f 1005//1005 1054//1054 1053//1053
f 1006//1006 1007//1007 1055//1055
f 1006//1006 1055//1055 1054//1054
f 1007//1007 1008//1008 1056//1056
f 1007//1007 1056//1056 1055//1055
f 1008//1008 1009//1009 1057//1057
f 1008//1008 1057//1057 1056//1056
f 1009//1009 1010//1010 1058//1058
f 1009//1009 1058//1058 1057//1057
f 1010//1010 963//963 1011//1011
f 1010//1010 1011//1011 1058//1058
f 1011//1011 1012//1012 1060//1060
f 1011//1011 1060//1060 1059//1059
f 1012//1012 1013//1013 1061//1061
f 1012//1012 1061//1061 1060//1060
f 1013//1013 1014//1014 1062//1062
f 1013//1013 1062//1062 1061//1061
f 1014//1014 1015//1015 1063//1063
f 1014//1014 1063//1063 1062//1062
f 1015//1015 1016//1016 1064//1064
f 1015//1015 1064//1064 1063//1063
f 1016//1016 1017//1017 1065//1065
f 1016//1016 1065//1065 1064//1064
f 1017//1017 1018//1018 1066//1066
f 1017//1017 1066//1066 1065//1065
f 1018//1018 1019//1019 1067//1067
f 1018//1018 1067//1067 1066//1066
f 1019//1019 1020//1020 1068//1068
f 1019//1019 1068//1068 1067//1067
f 1020//1020 1021//1021 1069//1069
f 1020//1020 1069//1069 1068//1068
f 1021//1021 1022//1022 1070//1070
f 1021//1021 1070//1070 1069//1069
f 1022//1022 1023//1023 1071//1071
f 1022//1022 1071//1071 1070//1070
f 1023//1023 1024//1024 1072//1072
f 1023//1023 1072//1072 1071//1071
f 1024//1024 1025//1025 1073//1073
f 1024//1024 1073//1073 1072//1072
f 1025//1025 1026//1026 1074//1074
f 1025//1025 1074//1074 1073//1073
f 1026//1026 1027//1027 1075//1075
f 1026//1026 1075//1075 1074//1074
f 1027//1027 1028//1028 1076//1076
f 1027//1027 1076//1076 1075//1075
f 1028//1028 1029//1029 1077//1077
f 1028//1028 1077//1077 1076//1076
f 1029//1029 1030//1030 1078//1078
f 1029//1029 1078//1078 1077//1077
f 1030//1030 1031//1031 1079//1079
f 1030//1030 1079//1079 1078//1078
f 1031//1031 1032//1032 1080//1080
f 1031//1031 1080//1080 1079//1079
f 1032//1032 1033//1033 1081//1081
f 1032//1032 1081//1081 1080//1080
f 1033//1033 1034//1034 1082//1082
f 1033//1033 1082//1082 1081//1081
f 1034//1034 1035//1035 1083//1083
f 1034//1034 1083//1083 1082//1082
f 1035//1035 1036//1036 1084//1084
f 1035//1035 1084//1084 1083//1083
f 1036//1036 1037//1037 1085//1085
f 1036//1036 1085//1085 1084//1084
f 1037//1037 1038//1038 1086//1086
f 1037//1037 1086//1086 1085//1085
f 1038//1038 1039//1039 1087//1087
f 1038//1038 1087//1087 1086//1086
f 1039//1039 1040//1040 1088//1088
f 1039//1039 1088//1088 1087//1087
f 1040//1040 1041//1041 1089//1089
f 1040//1040 1089//1089 1088//1088
f 1041//1041 1042//1042 1090//1090
f 1041//1041 1090//1090 1089//1089
f 1042//1042 1043//1043 1091//1091
f 1042//1042 1091//1091 1090//1090
f 1043//1043 1044//1044 1092//1092
f 1043//1043 1092//1092 1091//1091
f 1044//1044 1045//1045 1093//1093
f 1044//1044 1093//1093 1092//1092
f 1045//1045 1046//1046 1094//1094
f 1045//1045 1094//1094 1093//1093
f 1046//1046 1047//1047 1095//1095
f 1046//1046 1095//1095 1094//1094
f 1047//1047 1048//1048 1096//1096
f 1047//1047 1096//1096 1095//1095
f 1048//1048 1049//1049 1097//1097
f 1048//1048 1097//1097 1096//1096
f 1049//1049 1050//1050 1098//1098
f 1049//1049 1098//1098 1097//1097
f 1050//1050 1051//1051 1099//1099
f 1050//1050 1099//1099 1098//1098
f 1051//1051 1052//1052 1100//1100
f 1051//1051 1100//1100 1099//1099
f 1052//1052 1053//1053 1101//1101
f 1052//1052 1101//1101 1100//1100
f 1053//1053 1054//1054 1102//1102
f 1053//1053 1102//1102 1101//1101
f 1054//1054 1055//1055 1103//1103
f 1054//1054 1103//1103 1102//1102
f 1055//1055 1056//1056 1104//1104
f 1055//1055 1104//1104 1103//1103
f 1056//1056 1057//1057 1105//1105
f 1056//1056 1105//1105 1104//1104
f 1057//1057 1058//1058 1106//1106
f 1057//1057 1106//1106 1105//1105
f 1058//1058 1011//1011 1059//1059
f 1058//1058 1059//1059 1106//1106
f 1059//1059 1060//1060 1108//1108
f 1059//1059 1108//1108 1107//1107
f 1060//1060 1061//1061 1109//1109
f 1060//1060 1109//1109 1108//1108
f 1061//1061 1062//1062 1110//1110
f 1061//1061 1110//1110 1109//1109
f 1062//1062 1063//1063 1111//1111
f 1062//1062 1111//1111 1110//1110
f 1063//1063 1064//1064 1112//1112
f 1063//1063 1112//1112 1111//1111
f 1064//1064 1065//1065 1113//1113
f 1064//1064 1113//1113 1112//1112
f 1065//1065 1066//1066 1114//1114
f 1065//1065 1114//1114 1113//1113
f 1066//1066 1067//1067 1115//1115
f 1066//1066 1115//1115 1114//1114
f 1067//1067 1068//1068 1116//1116
f 1067//1067 1116//1116 1115//1115
f 1068//1068 1069//1069 1117//1117
f 1068//1068 1117//1117 1116//1116
f 1069//1069 1070//1070 1118//1118
f 1069//1069 1118//1118 1117//1117
f 1070//1070 1071//1071 1119//1119
f 1070//1070 1119//1119 1118//1118
f 1071//1071 1072//1072 1120//1120
f 1071//1071 1120//1120 1119//1119
f 1072//1072 1073//1073 1121//1121
f 1072//1072 1121//1121 1120//1120
f 1073//1073 1074//1074 1122//1122
f 1073//1073 1122//1122 1121//1121
f 1074//1074 1075//1075 1123//1123
f 1074//1074 1123//1123 1122//1122
f 1075//1075 1076//1076 1124//1124
f 1075//1075 1124//1124 1123//1123
f 1076//1076 1077//1077 1125//1125
f 1076//1076 1125//1125 1124//1124
f 1077//1077 1078//1078 1126//1126
f 1077//1077 1126//1126 1125//1125
f 1078//1078 1079//1079 1127//1127
f 1078//1078 1127//1127 1126//1126
f 1079//1079 1080//1080 1128//1128
f 1079//1079 1128//1128 1127//1127
f 1080//1080 1081//1081 1129//1129
f 1080//1080 1129//1129 1128//1128
f 1081//1081 1082//1082 1130//1130
f 1081//1081 1130//1130 1129//1129
f 1082//1082 1083//1083 1131//1131
f 1082//1082 1131//1131 1130//1130
f 1083//1083 1084//1084 1132//1132
f 1083//1083 1132//1132 1131//1131
f 1084//1084 1085//1085 1133//1133
f 1084//1084 1133//1133 1132//1132
f 1085//1085 1086//1086 1134//1134
f 1085//1085 1134//1134 1133//1133
f 1086//1086 1087//1087 1135//1135
f 1086//1086 1135//1135 1134//1134
f 1087//1087 1088//1088 1136//1136
f 1087//1087 1136//1136 1135//1135
f 1088//1088 1089//1089 1137//1137
f 1088//1088 1137//1137 1136//1136
f 1089//1089 1090//1090 1138//1138
f 1089//1089 1138//1138 1137//1137
f 1090//1090 1091//1091 1139//1139
f 1090//1090 1139//1139 1138//1138
f 1091//1091 1092//1092 1140//1140
f 1091//1091 1140//1140 1139//1139
f 1092//1092 1093//1093 1141//1141
f 1092//1092 1141//1141 1140//1140
f 1093//1093 1094//1094 1142//1142
f 1093//1093 1142//1142 1141//1141
f 1094//1094 1095//1095 1143//1143
f 1094//1094 1143//1143 1142//1142
f 1095//1095 1096//1096 1144//1144
f 1095//1095 1144//1144 1143//1143
f 1096//1096 1097//1097 1145//1145
f 1096//1096 1145//1145 1144//1144
f 1097//1097 1098//1098 1146//1146
f 1097//1097 1146//1146 1145//1145
f 1098//1098 1099//1099 1147//1147
f 1098//1098 1147//1147 1146//1146
f 1099//1099 1100//1100 1148//1148
f 1099//1099 1148//1148 1147//1147
f 1100//1100 1101//1101 1149//1149
f 1100//1100 1149//1149 1148//1148
f 1101//1101 1102//1102 1150//1150
f 1101//1101 1150//1150 1149//1149
f 1102//1102 1103//1103 1151//1151
f 1102//1102 1151//1151 1150//1150
f 1103//1103 1104//1104 1152//1152
f 1103//1103 1152//1152 1151//1151
f 1104//1104 1105//1105 1153//1153
f 1104//1104 1153//1153 1152//1152
f 1105//1105 1106//1106 1154//1154
f 1105//1105 1154//1154 1153//1153
f 1106//1106 1059//1059 1107//1107
f 1106//1106 1107//1107 1154//1154
f 1107//1107 1108//1108 1156//1156
f 1107//1107 1156//1156 1155//1155
f 1108//1108 1109//1109 1157//1157
f 1108//1108 1157//1157 1156//1156
f 1109//1109 1110//1110 1158//1158
f 1109//1109 1158//1158 1157//1157
f 1110//1110 1111//1111 1159//1159
f 1110//1110 1159//1159 1158//1158
f 1111//1111 1112//1112 1160//1160
f 1111//1111 1160//1160 1159//1159
f 1112//1112 1113//1113 1161//1161
f 1112//1112 1161//1161 1160//1160
f 1113//1113 1114//1114 1162//1162
f 1113//1113 1162//1162 1161//1161
f 1114//1114 1115//1115 1163//1163
f 1114//1114 1163//1163 1162//1162
f 1115//1115 1116//1116 1164//1164
f 1115//1115 1164//1164 1163//1163
f 1116//1116 1117//1117 1165//1165
f 1116//1116 1165//1165 1164//1164
f 1117//1117 1118//1118 1166//1166
f 1117//1117 1166//1166 1165//1165
f 1118//1118 1119//1119 1167//1167
f 1118//1118 1167//1167 1166//1166
f 1119//1119 1120//1120 1168//1168
f 1119//1119 1168//1168 1167//1167
f 1120//1120 1121//1121 1169//1169
f 1120//1120 1169//1169 1168//1168
f 1121//1121 1122//1122 1170//1170
f 1121//1121 1170//1170 1169//1169
f 1122//1122 1123//1123 1171//1171
f 1122//1122 1171//1171 1170//1170
f 1123//1123 1124//1124 1172//1172
f 1123//1123 1172//1172 1171//1171
f 1124//1124 1125//1125 1173//1173
f 1124//1124 1173//1173 1172//1172
f 1125//1125 1126//1126 1174//1174
f 1125//1125 1174//1174 1173//1173
f 1126//1126 1127//1127 1175//1175
f 1126//1126 1175//1175 1174//1174
f 1127//1127 1128//1128 1176//1176
f 1127//1127 1176//1176 1175//1175
f 1128//1128 1129//1129 1177//1177
f 1128//1128 1177//1177 1176//1176
f 1129//1129 1130//1130 1178//1178
f 1129//1129 1178//1178 1177//1177
f 1130//1130 1131//1131 1179//1179
f 1130//1130 1179//1179 1178//1178
f 1131//1131 1132//1132 1180//1180
f 1131//1131 1180//1180 1179//1179
f 1132//1132 1133//1133 1181//1181
f 1132//1132 1181//1181 1180//1180
f 1133//1133 1134//1134 1182//1182
f 1133//1133 1182//1182 1181//1181
f 1134//1134 1135//1135 1183//1183
f 1134//1134 1183//1183 1182//1182
f 1135//1135 1136//1136 1184//1184
f 1135//1135 1184//1184 1183//1183
f 1136//1136 1137//1137 1185//1185
f 1136//1136 1185//1185 1184//1184
f 1137//1137 1138//1138 1186//1186
f 1137//1137 1186//1186 1185//1185
f 1138//1138 1139//1139 1187//1187
f 1138//1138 1187//1187 1186//1186
f 1139//1139 1140//1140 1188//1188
f 1139//1139 1188//1188 1187//1187
f 1140//1140 1141//1141 1189//1189
f 1140//1140 1189//1189 1188//1188
f 1141//1141 1142//1142 1190//1190
f 1141//1141 1190//1190 1189//1189
f 1142//1142 1143//1143 1191//1191
f 1142//1142 1191//1191 1190//1190
f 1143//1143 1144//1144 1192//1192
f 1143//1143 1192//1192 1191//1191
f 1144//1144 1145//1145 1193//1193
f 1144//1144 1193//1193 1192//1192
f 1145//1145 1146//1146 1194//1194
f 1145//1145 1194//1194 1193//1193
f 1146//1146 1147//1147 1195//1195
f 1146//1146 1195//1195 1194//1194
f 1147//1147 1148//1148 1196//1196
f 1147//1147 1196//1196 1195//1195
f 1148//1148 1149//1149 1197//1197
f 1148//1148 1197//1197 1196//1196
f 1149//1149 1150//1150 1198//1198
f 1149//1149 1198//1198 1197//1197
f 1150//1150 1151//1151 1199//1199
f 1150//1150 1199//1199 1198//1198
f 1151//1151 1152//1152 1200//1200
f 1151//1151 1200//1200 1199//1199
f 1152//1152 1153//1153 1201//1201
f 1152//1152 1201//1201 1200//1200
f 1153//1153 1154//1154 1202//1202
f 1153//1153 1202//1202 1201//1201
f 1154//1154 1107//1107 1155//1155
f 1154//1154 1155//1155 1202//1202
f 1155//1155 1156//1156 1204//1204
f 1155//1155 1204//1204 1203//1203
f 1156//1156 1157//1157 1205//1205
f 1156//1156 1205//1205 1204//1204
f 1157//1157 1158//1158 1206//1206
f 1157//1157 1206//1206 1205//1205
f 1158//1158 1159//1159 1207//1207
f 1158//1158 1207//1207 1206//1206
f 1159//1159 1160//1160 1208//1208
f 1159//1159 1208//1208 1207//1207
f 1160//1160 1161//1161 1209//1209
f 1160//1160 1209//1209 1208//1208
f 1161//1161 1162//1162 1210//1210
f 1161//1161 1210//1210 1209//1209
f 1162//1162 1163//1163 1211//1211
f 1162//1162 1211//1211 1210//1210
f 1163//1163 1164//1164 1212//1212
f 1163//1163 1212//1212 1211//1211
f 1164//1164 1165//1165 1213//1213
f 1164//1164 1213//1213 1212//1212
f 1165//1165 1166//1166 1214//1214
f 1165//1165 1214//1214 1213//1213
f 1166//1166 1167//1167 1215//1215
f 1166//1166 1215//1215 1214//1214
f 1167//1167 1168//1168 1216//1216
f 1167//1167 1216//1216 1215//1215
f 1168//1168 1169//1169 1217//1217
f 1168//1168 1217//1217 1216//1216
f 1169//1169 1170//1170 1218//1218
f 1169//1169 1218//1218 1217//1217
f 1170//1170 1171//1171 1219//1219
f 1170//1170 1219//1219 1218//1218
f 1171//1171 1172//1172 1220//1220
f 1171//1171 1220//1220 1219//1219
f 1172//1172 1173//1173 1221//1221
f 1172//1172 1221//1221 1220//1220
f 1173//1173 1174//1174 1222//1222
f 1173//1173 1222//1222 1221//1221
f 1174//1174 1175//1175 1223//1223
f 1174//1174 1223//1223 1222//1222
f 1175//1175 1176//1176 1224//1224
f 1175//1175 1224//1224 1223//1223
f 1176//1176 1177//1177 1225//1225
f 1176//1176 1225//1225 1224//1224
f 1177//1177 1178//1178 1226//1226
f 1177//1177 1226//1226 1225//1225
f 1178//1178 1179//1179 1227//1227
f 1178//1178 1227//1227 1226//1226
f 1179//1179 1180//1180 1228//1228
f 1179//1179 1228//1228 1227//1227
f 1180//1180 1181//1181 1229//1229
f 1180//1180 1229//1229 1228//1228
f 1181//1181 1182//1182 1230//1230
f 1181//1181 1230//1230 1229//1229
f 1182//1182 1183//1183 1231//1231
f 1182//1182 1231//1231 1230//1230
f 1183//1183 1184//1184 1232//1232
f 1183//1183 1232//1232 1231//1231
f 1184//1184 1185//1185 1233//1233
f 1184//1184 1233//1233 1232//1232
f 1185//1185 1186//1186 1234//1234
f 1185//1185 1234//1234 1233//1233
f 1186//1186 1187//1187 1235//1235
f 1186//1186 1235//1235 1234//1234
f 1187//1187 1188//1188 1236//1236
f 1187//1187 1236//1236 1235//1235
f 1188//1188 1189//1189 1237//1237
f 1188//1188 1237//1237 1236//1236
f 1189//1189 1190//1190 1238//1238
f 1189//1189 1238//1238 1237//1237
f 1190//1190 1191//1191 1239//1239
f 1190//1190 1239//1239 1238//1238
f 1191//1191 1192//1192 1240//1240
f 1191//1191 1240//1240 1239//1239
f 1192//1192 1193//1193 1241//1241
f 1192//1192 1241//1241 1240//1240
f 1193//1193 1194//1194 1242//1242
f 1193//1193 1242//1242 1241//1241
f 1194//1194 1195//1195 1243//1243
f 1194//1194 1243//1243 1242//1242
f 1195//1195 1196//1196 1244//1244
f 1195//1195 1244//1244 1243//1243
f 1196//1196 1197//1197 1245//1245
f 1196//1196 1245//1245 1244//1244
f 1197//1197 1198//1198 1246//1246
f 1197//1197 1246//1246 1245//1245
f 1198//1198 1199//1199 1247//1247
f 1198//1198 1247//1247 1246//1246
f 1199//1199 1200//1200 1248//1248
f 1199//1199 1248//1248 1247//1247
f 1200//1200 1201//1201 1249//1249
f 1200//1200 1249//1249 1248//1248
f 1201//1201 1202//1202 1250//1250
f 1201//1201 1250//1250 1249//1249
f 1202//1202 1155//1155 1203//1203
f 1202//1202 1203//1203 1250//1250
f 1203//1203 1204//1204 1252//1252
f 1203//1203 1252//1252 1251//1251
f 1204//1204 1205//1205 1253//1253
f 1204//1204 1253//1253 1252//1252
f 1205//1205 1206//1206 1254//1254
f 1205//1205 1254//1254 1253//1253
f 1206//1206 1207//1207 1255//1255
f 1206//1206 1255//1255 1254//1254
f 1207//1207 1208//1208 1256//1256
f 1207//1207 1256//1256 1255//1255
f 1208//1208 1209//1209 1257//1257
f 1208//1208 1257//1257 1256//1256
f 1209//1209 1210//1210 1258//1258
f 1209//1209 1258//1258 1257//1257
f 1210//1210 1211//1211 1259//1259
f 1210//1210 1259//1259 1258//1258
f 1211//1211 1212//1212 1260//1260
f 1211//1211 1260//1260 1259//1259
f 1212//1212 1213//1213 1261//1261
f 1212//1212 1261//1261 1260//1260
f 1213//1213 1214//1214 1262//1262
f 1213//1213 1262//1262 1261//1261
f 1214//1214 1215//1215 1263//1263
f 1214//1214 1263//1263 1262//1262
f 1215//1215 1216//1216 1264//1264
f 1215//1215 1264//1264 1263//1263
f 1216//1216 1217//1217 1265//1265
f 1216//1216 1265//1265 1264//1264
f 1217//1217 1218//1218 1266//1266
f 1217//1217 1266//1266 1265//1265
f 1218//1218 1219//1219 1267//1267
f 1218//1218 1267//1267 1266//1266
f 1219//1219 1220//1220 1268//1268
f 1219//1219 1268//1268 1267//1267
f 1220//1220 1221//1221 1269//1269
f 1220//1220 1269//1269 1268//1268
f 1221//1221 1222//1222 1270//1270
f 1221//1221 1270//1270 1269//1269
f 1222//1222 1223//1223 1271//1271
f 1222//1222 1271//1271 1270//1270
f 1223//1223 1224//1224 1272//1272
f 1223//1223 1272//1272 1271//1271
f 1224//1224 1225//1225 1273//1273
f 1224//1224 1273//1273 1272//1272
f 1225//1225 1226//1226 1274//1274
f 1225//1225 1274//1274 1273//1273
f 1226//1226 1227//1227 1275//1275
f 1226//1226 1275//1275 1274//1274
f 1227//1227 1228//1228 1276//1276
f 1227//1227 1276//1276 1275//1275
f 1228//1228 1229//1229 1277//1277
f 1228//1228 1277//1277 1276//1276
f 1229//1229 1230//1230 1278//1278
f 1229//1229 1278//1278 1277//1277
f 1230//1230 1231//1231 1279//1279
f 1230//1230 1279//1279 1278//1278
f 1231//1231 1232//1232 1280//1280
f 1231//1231 1280//1280 1279//1279
f 1232//1232 1233//1233 1281//1281
f 1232//1232 1281//1281 1280//1280
f 1233//1233 1234//1234 1282//1282
f 1233//1233 1282//1282 1281//1281
f 1234//1234 1235//1235 1283//1283
f 1234//1234 1283//1283 1282//1282
f 1235//1235 1236//1236 1284//1284
f 1235//1235 1284//1284 1283//1283
f 1236//1236 1237//1237 1285//1285
f 1236//1236 1285//1285 1284//1284
f 1237//1237 1238//1238 1286//1286
f 1237//1237 1286//1286 1285//1285
f 1238//1238 1239//1239 1287//1287
f 1238//1238 1287//1287 1286//1286
f 1239//1239 1240//1240 1288//1288
f 1239//1239 1288//1288 1287//1287
f 1240//1240 1241//1241 1289//1289
f 1240//1240 1289//1289 1288//1288
f 1241//1241 1242//1242 1290//1290
f 1241//1241 1290//1290 1289//1289
f 1242//1242 1243//1243 1291//1291
f 1242//1242 1291//1291 1290//1290
f 1243//1243 1244//1244 1292//1292
f 1243//1243 1292//1292 1291//1291
f 1244//1244 1245//1245 1293//1293
f 1244//1244 1293//1293 1292//1292
f 1245//1245 1246//1246 1294//1294
f 1245//1245 1294//1294 1293//1293
f 1246//1246 1247//1247 1295//1295
f 1246//1246 1295//1295 1294//1294
f 1247//1247 1248//1248 1296//1296
f 1247//1247 1296//1296 1295//1295
f 1248//1248 1249//1249 1297//1297
f 1248//1248 1297//1297 1296//1296
f 1249//1249 1250//1250 1298//1298
f 1249//1249 1298//1298 1297//1297
f 1250//1250 1203//1203 1251//1251
f 1250//1250 1251//1251 1298//1298
f 1251//1251 1252//1252 1300//1300
f 1251//1251 1300//1300 1299//1299
f 1252//1252 1253//1253 1301//1301
f 1252//1252 1301//1301 1300//1300
f 1253//1253 1254//1254 1302//1302
f 1253//1253 1302//1302 1301//1301
f 1254//1254 1255//1255 1303//1303
f 1254//1254 1303//1303 1302//1302
f 1255//1255 1256//1256 1304//1304
f 1255//1255 1304//1304 1303//1303
f 1256//1256 1257//1257 1305//1305
f 1256//1256 1305//1305 1304//1304
f 1257//1257 1258//1258 1306//1306
f 1257//1257 1306//1306 1305//1305
f 1258//1258 1259//1259 1307//1307
f 1258//1258 1307//1307 1306//1306
f 1259//1259 1260//1260 1308//1308
f 1259//1259 1308//1308 1307//1307
f 1260//1260 1261//1261 1309//1309
f 1260//1260 1309//1309 1308//1308
f 1261//1261 1262//1262 1310//1310
f 1261//1261 1310//1310 1309//1309
f 1262//1262 1263//1263 1311//1311
f 1262//1262 1311//1311 1310//1310
f 1263//1263 1264//1264 1312//1312
f 1263//1263 1312//1312 1311//1311
f 1264//1264 1265//1265 1313//1313
f 1264//1264 1313//1313 1312//1312
f 1265//1265 1266//1266 1314//1314
f 1265//1265 1314//1314 1313//1313
f 1266//1266 1267//1267 1315//1315
f 1266//1266 1315//1315 1314//1314
f 1267//1267 1268//1268 1316//1316
f 1267//1267 1316//1316 1315//1315
f 1268//1268 1269//1269 1317//1317
f 1268//1268 1317//1317 1316//1316
f 1269//1269 1270//1270 1318//1318
f 1269//1269 1318//1318 1317//1317
f 1270//1270 1271//1271 1319//1319
f 1270//1270 1319//1319 1318//1318
f 1271//1271 1272//1272 1320//1320
f 1271//1271 1320//1320 1319//1319
f 1272//1272 1273//1273 1321//1321
f 1272//1272 1321//1321 1320//1320
f 1273//1273 1274//1274 1322//1322
f 1273//1273 1322//1322 1321//1321
f 1274//1274 1275//1275 1323//1323
f 1274//1274 1323//1323 1322//1322
f 1275//1275 1276//1276 1324//1324
f 1275//1275 1324//1324 1323//1323
f 1276//1276 1277//1277 1325//1325
f 1276//1276 1325//1325 1324//1324
f 1277//1277 1278//1278 1326//1326
f 1277//1277 1326//1326 1325//1325
f 1278//1278 1279//1279 1327//1327
f 1278//1278 1327//1327 1326//1326
f 1279//1279 1280//1280 1328//1328
f 1279//1279 1328//1328 1327//1327
f 1280//1280 1281//1281 1329//1329
f 1280//1280 1329//1329 1328//1328
f 1281//1281 1282//1282 1330//1330
f 1281//1281 1330//1330 1329//1329
f 1282//1282 1283//1283 1331//1331
f 1282//1282 1331//1331 1330//1330
f 1283//1283 1284//1284 1332//1332
f 1283//1283 1332//1332 1331//1331
f 1284//1284 1285//1285 1333//1333
f 1284//1284 1333//1333 1332//1332
f 1285//1285 1286//1286 1334//1334
f 1285//1285 1334//1334 1333//1333
f 1286//1286 1287//1287 1335//1335
f 1286//1286 1335//1335 1334//1334
f 1287//1287 1288//1288 1336//1336
f 1287//1287 1336//1336 1335//1335
f 1288//1288 1289//1289 1337//1337
f 1288//1288 1337//1337 1336//1336
f 1289//1289 1290//1290 1338//1338
f 1289//1289 1338//1338 1337//1337
f 1290//1290 1291//1291 1339//1339
f 1290//1290 1339//1339 1338//1338
f 1291//1291 1292//1292 1340//1340
f 1291//1291 1340//1340 1339//1339
f 1292//1292 1293//1293 1341//1341
f 1292//1292 1341//1341 1340//1340
f 1293//1293 1294//1294 1342//1342
f 1293//1293 1342//1342 1341//1341
f 1294//1294 1295//1295 1343//1343
f 1294//1294 1343//1343 1342//1342
f 1295//1295 1296//1296 1344//1344
f 1295//1295 1344//1344 1343//1343
f 1296//1296 1297//1297 1345//1345
f 1296//1296 1345//1345 1344//1344
f 1297//1297 1298//1298 1346//1346
f 1297//1297 1346//1346 1345//1345
f 1298//1298 1251//1251 1299//1299
f 1298//1298 1299//1299 1346//1346
f 100//100 99//99 1347//1347
f 101//101 100//100 1347//1347
f 102//102 101//101 1347//1347
f 103//103 102//102 1347//1347
f 104//104 103//103 1347//1347
f 105//105 104//104 1347//1347
f 106//106 105//105 1347//1347
f 107//107 106//106 1347//1347
f 108//108 107//107 1347//1347
f 109//109 108//108 1347//1347
f 110//110 109//109 1347//1347
f 111//111 110//110 1347//1347
f 112//112 111//111 1347//1347
f 113//113 112//112 1347//1347
f 114//114 113//113 1347//1347
f 115//115 114//114 1347//1347
f 116//116 115//115 1347//1347
f 117//117 116//116 1347//1347
f 118//118 117//117 1347//1347
f 119//119 118//118 1347//1347
f 120//120 119//119 1347//1347
f 121//121 120//120 1347//1347
f 122//122 121//121 1347//1347
f 123//123 122//122 1347//1347
f 124//124 123//123 1347//1347
f 125//125 124//124 1347//1347
f 126//126 125//125 1347//1347
f 127//127 126//126 1347//1347
f 128//128 127//127 1347//1347
f 129//129 128//128 1347//1347
f 130//130 129//129 1347//1347
f 131//131 130//130 1347//1347
f 132//132 131//131 1347//1347
f 133//133 132//132 1347//1347
f 134//134 133//133 1347//1347
f 135//135 134//134 1347//1347
f 136//136 135//135 1347//1347
f 137//137 136//136 1347//1347
f 138//138 137//137 1347//1347
f 139//139 138//138 1347//1347
f 140//140 139//139 1347//1347
f 141//141 140//140 1347//1347
f 142//142 141//141 1347//1347
f 143//143 142//142 1347//1347
f 144//144 143//143 1347//1347
f 145//145 144//144 1347//1347
f 146//146 145//145 1347//1347
f 99//99 146//146 1347//1347
